地點,地區,縣市,地址,緯度,經度,文字敘述,星級,評論數量,AI評論,評論連結,預覽圖路徑,事故發生次數
萬里桐潛水區,南部地區,屏東縣,946屏東縣恆春鎮萬里路14-1號,21.99572429,120.7065343,恆春萬里桐這裡有海底景觀豐富多元著超美的漸層式海水、清澈見底的礁石海岸、色彩繽紛且種類眾多的珊瑚礁群生物，吸引眾多潛水愛好者前來，不論是單純戲水，或者是香蕉船、衝浪等水上活動，許多內行人想要潛水，就會轉往萬里桐的海灘。,4.6,275,1.墾丁是一個浮潛的好地方。\n2.海洋生態豐富多樣。\n3.萬里桐是一個讓人放鬆的地方。,https://www.google.com/search?q=%E8%90%AC%E9%87%8C%E6%A1%90%E6%BD%9B%E6%B0%B4%E5%8D%80%0D%0A%0D%0A%E6%BD%9B%E9%BB%9E&biw=1280&bih=571&ei=qTLTZOmuGY2yoATEq7RQ&ved=0ahUKEwipp6b--c6AAxUNGYgKHcQVDQoQ4dUDCA8&uact=5&oq=%E8%90%AC%E9%87%8C%E6%A1%90%E6%BD%9B%E6%B0%B4%E5%8D%80%0D%0A%0D%0A%E6%BD%9B%E9%BB%9E&gs_lp=Egxnd3Mtd2l6LXNlcnAiGuiQrOmHjOahkOa9m-awtOWNgAoK5r2b6bueSABQAFgAcAB4AZABAJgBAKABAKoBALgBA8gBAPgBAuIDBBgAIEE&sclient=gws-wiz-serp#rlimm=16473722643402207926,img/map_img/1.jpg,3
山海,南部地區,屏東縣,946屏東縣恆春鎮山海路6號,21.98582481,120.7114139,山海潛水是一種特殊形式的潛水活動，結合了山地和海洋的元素。它讓潛水者有機會在山區湖泊或淡水中進行潛水，體驗截然不同的潛水環境。在山海潛水中，潛水者可以在山區湖泊、溪流或淡水湖中，同時欣賞到清澈湖水、岩石峽谷和山脈的美景。山海潛水通常水溫較低，視野也可能有所不同，但它為潛水者提供了一種獨特的挑戰和冒險感。,4.6,70,1.壯觀的夕陽景色。\n2.熱情好客的當地人。\n3.安靜的小漁港。,https://www.google.com/search?q=%E5%B1%B1%E6%B5%B7%E6%BC%81%E6%B8%AF&biw=1280&bih=571&ei=4jLTZIHjNt3p1e8PhJWIqA0&ved=0ahUKEwiB3NqZ-s6AAxXddPUHHYQKAtUQ4dUDCA8&uact=5&oq=%E5%B1%B1%E6%B5%B7%E6%BC%81%E6%B8%AF&gs_lp=Egxnd3Mtd2l6LXNlcnAiDOWxsea1t-a8gea4rzIFEC4YgAQyBxAAGIoFGEMyCxAuGIAEGMcBGK8BMgUQABiABDIFEAAYgAQyBBAAGB4yBBAAGB4yBBAAGB4yBBAAGB4yBBAAGB5IjwVQAFgAcAB4AZABAJgBjwGgAY8BqgEDMC4xuAEDyAEA-AEC-AEB4gMEGAAgQYgGAQ&sclient=gws-wiz-serp#rlimm=1288844035002230624,img/map_img/2.jpg,null
紅柴坑,南部地區,屏東縣,946屏東縣恆春鎮,21.97148602,120.7160298,紅柴坑位於恆春半島西海岸，海域蘊藏各式各樣的珊瑚、五顏六色的熱帶魚以及千變萬化的海底地型，景觀非常豐富，當地業者引進了海底觀光玻璃半潛艇，提供遊客盡情欣賞綺麗的海底世界，因此成為了著名的海底觀光地點。,4.6,137,1.新鮮的魚類美味可口。\n2.位於漁港口，享受迷人的夕陽景色。\n3.親民的價格，適合品嚐海鮮的好地方。,https://www.google.com/search?q=%E7%B4%85%E6%9F%B4%E5%9D%91%E6%BC%81%E6%B8%AF&biw=1280&bih=571&tbm=lcl&ei=GDPTZPLCKavh1e8P1pa5oA4&ved=0ahUKEwjyrq2z-s6AAxWrcPUHHVZLDuQQ4dUDCAk&uact=5&oq=%E7%B4%85%E6%9F%B4%E5%9D%91%E6%BC%81%E6%B8%AF&gs_lp=Eg1nd3Mtd2l6LWxvY2FsIg_ntIXmn7TlnZHmvIHmuK8yBRAAGIAEMgUQABiABDIFEAAYgAQyBRAAGIAEMgUQABiABDIFEAAYgAQyBRAAGIAEMgUQABiABDIFEAAYgAQyBRAAGIAESPADUABYAHAAeACQAQCYAdsCoAHbAqoBAzMtMbgBA8gBAPgBAvgBAYgGAQ&sclient=gws-wiz-local#rlfi=hd:;si:2696134240983380435，l，Cg_ntIXmn7TlnZHmvIHmuK-SAQZoYXJib3I，y，68izjUTyejo;mv:[[21.9721401，120.71631380000001]，[21.9705054，120.7152359]],img/map_img/3.jpg,1
合界,南部地區,屏東縣,946屏東縣恆春鎮,21.9560355,120.7135968,合界沿線海底地形變化大、落差明顯，形成多處大峽谷地形。海底有大量的海百合，色彩種類極多。此潛點尤以海蛇出沒著稱，潛水員應秉持與海洋生物共存共榮的態度與海中生物相處。,3.8,45,1.合界算是一個挺熱門的潛水景點。\n2.很多珊瑚礁地形可以看。\n3.停車方便，交通樞紐。,https://www.google.com/search?q=%E5%90%88%E7%95%8C&biw=1280&bih=571&ei=CDPTZKy0C5Kp-QbTkZtg&ved=0ahUKEwis2L6r-s6AAxWSVN4KHdPIBgwQ4dUDCA8&uact=5&oq=%E5%90%88%E7%95%8C&gs_lp=Egxnd3Mtd2l6LXNlcnAiBuWQiOeVjDILEC4YgAQYxwEYrwEyCxAuGIAEGMcBGK8BMgUQABiABDIFEAAYgAQyBRAAGIAEMgUQABiABDIFEC4YgAQyBRAAGIAEMgUQABiABDIFEAAYgAQyGhAuGIAEGMcBGK8BGJcFGNwEGN4EGOAE2AEBSPMDUABYAHAAeAGQAQCYAZoBoAGaAaoBAzAuMbgBA8gBAPgBAvgBAeIDBBgAIEGIBgG6BgYIARABGBQ&sclient=gws-wiz-serp#rlimm=4817220534093360897,img/map_img/4.jpg,1
頂白沙,南部地區,屏東縣,946屏東縣恆春鎮,21.95396385,120.7169318,頂白沙的海底地勢比合界變化更大，而且落差也相當明顯，每個落層都約10公尺，加上在巴士海峽及臺灣海峽相會海流相當強勁跟其他潛水點比較起來危險很多。,null,null,1.珊瑚種類眾多，宛如踏進了水中森林。\n2.魚類更是繁多可以享受與魚群共游的歡樂。\n3.海流相當強勁跟其他潛水點比較起來危險很多。,https://www.potatomedia.co/post/4c662e90-3e96-4a97-a85f-70e857ca8357,img/map_img/5.jpg,null
雷打石,南部地區,屏東縣,946屏東縣恆春鎮,21.93267692,120.7461671,墾丁雷打石以其獨特的地形和豐富的海洋生物而聞名。這個潛水點的特色是巨大的岩石，經過長時間的海浪沖刷，形成了迷人的洞穴、隧道和壁柱。墾丁雷打石提供了豐富多樣的海洋生物和迷人的水下景觀，對於不同級別的潛水者都有合適的潛點。,4.5,101,1.魚群及珊瑚種類非常多樣。\n2.適合初階的潛水點。\n3.珊瑚種類多且完整。,https://www.google.com/search?q=%E9%9B%B7%E6%89%93%E7%9F%B3%0D%0A&biw=1280&bih=571&ei=RTPTZNakE8_r1e8PvIWdsAY&ved=0ahUKEwiW29HI-s6AAxXPdfUHHbxCB2YQ4dUDCA8&uact=5&oq=%E9%9B%B7%E6%89%93%E7%9F%B3%0D%0A&gs_lp=Egxnd3Mtd2l6LXNlcnAiCumbt-aJk-efswpIAFAAWABwAHgBkAEAmAEAoAEAqgEAuAEDyAEA-AEC-AEB4gMEGAAgQQ&sclient=gws-wiz-serp#lrd=0x3471b026c2fb4ceb:0x192e2c2167384a79，1，，，，,img/map_img/6.jpg,null
後壁湖出水口,南部地區,屏東縣,946屏東縣恆春鎮,21.93358018,120.7454876,後壁湖出水口是墾丁相當著名的浮潛地點，是一個自然形成的洞穴出口，被岩石圍繞著，潛水者可以從洞穴中進入海洋，探索周圍的海底景觀。由於這裡是護漁區，海域不得捕魚、下網、垂釣，所以魚群特別多，也就變成浮潛朋友喜歡來的地方。,4.8,6,1.水上活動眾多。\n2.海岸線有海蜈蚣。\n3.海上湛藍清撤。,https://www.google.com/search?q=%E6%A0%B8%E4%B8%89%E5%BB%A0%E5%87%BA%E6%B0%B4%E5%8F%A3&biw=1280&bih=571&ei=RzTTZKnLBcz3wAOj367IBQ&ved=0ahUKEwjpisfD-86AAxXMO3AKHaOvC1kQ4dUDCA8&uact=5&oq=%E6%A0%B8%E4%B8%89%E5%BB%A0%E5%87%BA%E6%B0%B4%E5%8F%A3&gs_lp=Egxnd3Mtd2l6LXNlcnAiEuaguOS4ieW7oOWHuuawtOWPozIFEAAYgAQyBBAAGB5I8QRQAFgAcAB4AJABAJgBZqABZqoBAzAuMbgBA8gBAPgBAvgBAeIDBBgAIEGIBgE&sclient=gws-wiz-serp#rlimm=12210873767894431780,img/map_img/7.jpg,2
跳石,南部地區,屏東縣,946屏東縣恆春鎮,21.95951447,120.7710636,眺石位在墾丁南灣外側，屬珊瑚礁潟湖地形，擁有繽紛美麗的各種珊瑚、眾多熱帶魚群等海洋生物，是一處豐富多元化的海洋生態環境，對於不同級別的潛水者都有適合的區域。,null,null,無,無,img/map_img/9.jpg,1
香蕉灣,南部地區,屏東縣,946屏東縣恆春鎮,21.92746937,120.8288463,香蕉灣是墾丁地區的一個小漁村，為礁砂地混合地形，地形是呈現出廣闊的珊瑚礁平台，周圍沿岸為侵蝕沖溝，海岸周邊有豐富的寄居蟹群聚、砂質屬礁礫石、珊瑚砂和粗殼砂，海底景象由海蝕礁岩形成的海溝，有大量的石珊瑚，其深度不深，非常適合自潛新手來練習、夜潛與各級潛水員從事潛水活動。,4.6,79,1.漁港內的海水清澈可見。\n2.夕陽景色令人嘆為觀止。\n3.幸運地看到海龜冒出水面。,https://www.google.com/search?q=%E9%A6%99%E8%95%89%E7%81%A3%0D%0A&biw=1280&bih=571&ei=djTTZKzZKM7t-AazuZPwAw&ved=0ahUKEwis7J7a-86AAxXONt4KHbPcBD4Q4dUDCA8&uact=5&oq=%E9%A6%99%E8%95%89%E7%81%A3%0D%0A&gs_lp=Egxnd3Mtd2l6LXNlcnAiCummmeiVieeBowpIAFAAWABwAHgBkAEAmAEAoAEAqgEAuAEDyAEA-AEC-AEB4gMEGAAgQQ&sclient=gws-wiz-serp#lrd=0x3471b26bce8741b3:0xcd242108e5c4bf67，1，，，，,img/map_img/10.jpg,3
砂島,南部地區,屏東縣,946屏東縣恆春鎮砂島路221號,21.91400435,120.8470337,位於砂島外有三十米沈船，這艘海底沈船並非人工施放，而是十多年前因為漁船觸礁擱淺，最後沈落海底，長年累月變成了海底的人工魚礁，聚集了許多大大小小種類豐富的魚群，離岸幾百公尺的距離，一定要船潛才行。10米左右的初級潛點，從觀景區就可以下去了，這裡珊瑚的覆蓋率不高、魚群較少，但是還是會有小魚成群結隊一起出現。,4.6,467,1.保護區不能進入的星砂海灘非常美麗。\n2.守規矩不進入能維持美麗的海灘。\n3.恆春半島砂質最好的海岸線值得一遠觀。,https://www.google.com/search?q=%E7%A0%82%E5%B3%B6%E7%94%9F%E6%85%8B%E4%BF%9D%E8%AD%B7%E5%8D%80&hl=zh-TW&source=hp&ei=CDXTZK_tNMb8hwP4grP4Dg&iflsig=AD69kcEAAAAAZNNDGDReHCl1StxwT6HBX0-ENKZILC_j&ved=0ahUKEwivkfqf_M6AAxVG_mEKHXjBDO8Q4dUDCAs&uact=5&oq=%E7%A0%82%E5%B3%B6%E7%94%9F%E6%85%8B%E4%BF%9D%E8%AD%B7%E5%8D%80&gs_lp=Egdnd3Mtd2l6IhXnoILls7bnlJ_mhYvkv53orbfljYAyCxAuGIAEGMcBGK8BMgUQABiABDIFEAAYgAQyBhAAGB4YDzIGEAAYBRgeSIsIUKUDWKUDcAF4AJABAJgBhQGgAYUBqgEDMC4xuAEDyAEA-AEC-AEBqAIA&sclient=gws-wiz#lrd=0x3471b27d2af24fff:0x35acf75d121da9bf，1，，，，,img/map_img/11.jpg,null
後壁湖餵魚區,南部地區,屏東縣,946屏東縣恆春鎮大光里,21.94537119,120.7514746,後壁湖潛水點位置就在墾丁國家公園保護區內，海域左側地形平坦，餵魚區最有名的是由疣枝狀雀屏珊瑚組成巨大的群礁體，每年都持續以極微小速度成長著，雀屏珊瑚表面與群礁間凹槽縫隙，形成了天然的魚類庇護所，所以魚種繁多能看到許多海洋生物。,4.5,79,1.浮潛的時候能看到不錯的生物多樣性。\n2.天氣變好後能看清楚水下景象。\n3.有各式各樣的熱帶魚。,https://www.google.com/search?q=%E5%BE%8C%E5%A3%81%E6%B9%96%E6%B5%AE%E6%BD%9B%E5%8D%80&hl=zh-TW&ei=KTXTZP6yK5r9-QbypaOIBQ&ved=0ahUKEwi-686v_M6AAxWaft4KHfLSCFEQ4dUDCA8&uact=5&oq=%E5%BE%8C%E5%A3%81%E6%B9%96%E6%B5%AE%E6%BD%9B%E5%8D%80&gs_lp=Egxnd3Mtd2l6LXNlcnAiEuW-jOWjgea5lua1rua9m-WNgDIFEC4YgAQyCBAAGAUYHhgPSLYEUABYAHAAeAGQAQCYAZkBoAGZAaoBAzAuMbgBA8gBAPgBAvgBAeIDBBgAIEGIBgE&sclient=gws-wiz-serp#lrd=0x3471b0387e36334b:0x7123deeaf89a21bc，1，，，，,img/map_img/12.jpg,null
藍洞,東部地區,臺東縣,951臺東縣綠島鄉,22.66167322,121.5086298,藍洞是個位於綠島柚子湖附近的一處秘境，月形海蝕洞洞窟內部的海面因為日光折射而閃耀出神祕的藍光、海天一線的美景，是許多人潛水愛好者的秘密基地，這邊可以跳水、浮潛，有五彩斑斕的珊瑚礁石，並透著神秘藍光的海水，這處是可貴的天然秘境。,4.7,100,1.藍洞的魅力要親自體驗。\n2.若是無浮潛、潛水經驗，建議由浮潛店帶領前往。\n3.若是無浮潛、潛水經驗，建議由浮潛店帶領前往。,https://www.google.com/search?q=%E7%B6%A0%E5%B3%B6%E8%97%8D%E6%B4%9E&hl=zh-TW&ei=rTXTZJSAMNn7wQPN8pcI&ved=0ahUKEwjUiszu_M6AAxXZfXAKHU35BQEQ4dUDCA8&uact=5&oq=%E7%B6%A0%E5%B3%B6%E8%97%8D%E6%B4%9E&gs_lp=Egxnd3Mtd2l6LXNlcnAiDOe2oOWztuiXjea0njILEC4YgAQYxwEYrwEyBRAAGIAEMgsQABiKBRixAxiDATIFEAAYgAQyBRAAGIAEMgUQABiABDIFEAAYgAQyBRAAGIAEMgUQABiABDIFEAAYgAQyGhAuGIAEGMcBGK8BGJcFGNwEGN4EGOAE2AEBSP0-UABYqjxwAHgBkAEAmAHlAqAB1BGqAQgyLjExLjEuMbgBA8gBAPgBAcICBRAuGIAEwgIOEC4YrwEYxwEYsQMYgATCAggQLhiABBixA8ICCBAAGIAEGLEDwgILEAAYgAQYsQMYgwHCAhQQLhiABBixAxiDARjHARivARiYBcICHRAuGK8BGMcBGLEDGIAEGJcFGNwEGN4EGOAE2AEBwgIFEAAYogTCAgcQABiKBRhDwgIHEC4YigUYQ8ICChAAGIoFGLEDGEPCAhEQLhiABBixAxiDARjHARivAcICExAuGIoFGLEDGIMBGMcBGK8BGEPCAiIQLhiKBRixAxiDARjHARivARhDGJcFGNwEGN4EGOAE2AEB4gMEGAAgQYgGAboGBggBEAEYFA&sclient=gws-wiz-serp#lrd=0x346f8dee44965041:0x8e9172b455c20d7e，1，，，，,img/map_img/13.jpg,2
公館鼻後礁,東部地區,臺東縣,951臺東縣綠島鄉,22.67940647,121.4915898,公館鼻為綠島東北岸，海底礁石多、地形變化大，以表覆形石珊瑚為主，主要特色為群礁夾雜礫灘等地形，火成岩地形發達，更因海蝕作用發展出獨特的海蝕景觀，適合浮潛、初級水肺潛水，近岸海底和大礁岩之間為平台地形以硬珊瑚為主，適合岸潛及夜潛。,4.6,55,1.綠島石山是臺灣重要的史前遺址。\n2.山頂可欣賞綠島燈塔、石牛山和綠島監獄。\n3.夕陽景色迷人，放空心情，欣賞大自然的美景。,https://www.google.com/search?q=%E5%85%AC%E9%A4%A8%E9%BC%BB%E5%BE%8C%E7%A4%81%0D%0A&hl=zh-TW&ei=NjXTZN-2KsbK-Qax0JegBQ&ved=0ahUKEwjfqee1_M6AAxVGZd4KHTHoBVQQ4dUDCA8&uact=5&oq=%E5%85%AC%E9%A4%A8%E9%BC%BB%E5%BE%8C%E7%A4%81%0D%0A&gs_lp=Egxnd3Mtd2l6LXNlcnAiEOWFrOmkqOm8u-W-jOekgQpIAFAAWABwAHgBkAEAmAEAoAEAqgEAuAEDyAEA-AEC-AEB4gMEGAAgQQ&sclient=gws-wiz-serp#lrd=0x346f8c4b4b24d6b7:0x6f97faac4147d180，1，，，，,img/map_img/14.jpg,null
石朗,東部地區,臺東縣,951臺東縣綠島鄉,22.65595755,121.4744973,石朗一帶為軟珊瑚礁群海岸，海岸線平緩綿延，海底設置了世界最深11米的豆丁海馬海底郵筒，可以投遞專用防水明信片，當親友收到綠島鹹鹹海味的明信片時，相信會給人留下難忘深刻的體驗，還有具有人工漁礁功能的「海洋之心」裝置藝術，將成為浪漫婚紗的水下拍攝熱點。附近有太平洋黑潮北流通過，周邊有著多樣的環狀珊瑚礁，以及各種魚群，岸上的珊瑚礁群與淺灣的珊瑚礁緊密相連，也有較多珍貴的軟硬珊瑚與優遊其間的小魚，形成優美的海底景觀。,4.6,649,1.能見度好，能看到很多熱帶魚和海龜。\n2.臺灣離島上有很多潛點。\n3.適合親子來玩，小孩也能在岸上玩沙。,https://www.google.com/search?q=%E7%9F%B3%E6%9C%97%0D%0A&hl=zh-TW&ei=bDXTZP-oDNK1oASdj5m4Bg&ved=0ahUKEwj_jqnP_M6AAxXSGogKHZ1HBmcQ4dUDCA8&uact=5&oq=%E7%9F%B3%E6%9C%97%0D%0A&gs_lp=Egxnd3Mtd2l6LXNlcnAiB-efs-aclwpIAFAAWABwAHgAkAEAmAEAoAEAqgEAuAEDyAEA-AEC-AEB4gMEGAAgQQ&sclient=gws-wiz-serp#lrd=0x346f8d0e05df8365:0xa6f0c2312318e8e6，1，，，，,img/map_img/15.jpg,9
樓門岩,東部地區,臺東縣,951臺東縣綠島鄉,22.68425441,121.5075738,樓門岩位於綠島東北角海岸外約300公尺處，是一連串突出海面小珊瑚礁岩塊群，而其中最高大一塊經過海浪擊打侵蝕，中央地方貫穿成圓洞，海流會由此通過，遠望狀似拱門，像拱門一樣，因此被稱為「樓門岩」，為綠島最有名的兩大奇岩之一。,4.7,18,1.世界級的海底景觀!\n2.只有親身體驗才知道有多美。\n3.綠島東北角一處島礁。,https://www.google.com/search?q=%E7%B6%A0%E5%B3%B6%E6%A8%93%E9%96%80%E5%B2%A9&hl=zh-TW&ei=ojXTZJ3-GdGhhwO2hbuQDQ&ved=0ahUKEwid15bp_M6AAxXR0GEKHbbCDtIQ4dUDCA8&uact=5&oq=%E7%B6%A0%E5%B3%B6%E6%A8%93%E9%96%80%E5%B2%A9&gs_lp=Egxnd3Mtd2l6LXNlcnAiD-e2oOWztuaok-mWgOWyqTIFEAAYgAQyBRAAGIAESJgKUMAEWMAEcAF4AZABAJgBgAGgAYABqgEDMC4xuAEDyAEA-AEB-AECqAIA4gMEGAAgQYgGAQ&sclient=gws-wiz-serp#rlimm=18074590053871284735,img/map_img/16.jpg,null
大白沙潛水區,東部地區,臺東縣,951臺東縣綠島鄉,22.63965608,121.4976939,位於樓門岩東北方的一座外礁，是所有外礁潛點中距離綠島最遠的一點，礁石頂端有三塊岩石由南至北露出水面，入水後水深呈階梯狀從24米、30米、50米往下墜至65米，尤其在礁石南北側峭壁，並未有任何緩衝礁坪，可從凸出水面的石塊直接下切到60米以下的深度，海流為由南向北流動的黑潮主流，特色生物大部分為刺尾鯛科與烏尾?科的魚種，另有鯖魚科的魚種也會在此洄游。,4.6,414,1.綠島的大白沙沙灘是最大的海灘，沙子白淨且細。\n2.能見度很好，有很多美麗的珊瑚。\n3.適合兒童戲水，是一個美好的家庭回憶。,https://www.google.com/search?q=%E5%A4%A7%E7%99%BD%E6%B2%99%E6%BD%9B%E6%B0%B4%E5%8D%80&oq=%E5%A4%A7%E7%99%BD%E6%B2%99%E6%BD%9B%E6%B0%B4%E5%8D%80&aqs=chrome.0.0i355i512j46i175i199i512j0i15i30.712j0j7&sourceid=chrome&ie=UTF-8#lrd=0x346f8d06aaaaaaab:0x9d2691c574f3af77，1，，，，,img/map_img/17.jpg,3
柴口浮潛區,東部地區,臺東縣,95142臺東縣綠島鄉柴口61號,22.67908576,121.475748,柴口浮潛區是綠島三大潛水區最北端的一處潛點，以壯麗的石珊瑚景觀著稱，海水深淺變化具有層次感，是一個天然完美的賞遊地點。每年六月至八月強勁的西南風吹拂綠島時，選擇避風面的柴口浮潛區是絕佳浮潛區。此外，綠島民宿業者多集中於此，浮潛後可直接回民宿沖洗，十分方便。,4.6,955,1.海底視野很好，清澈透明。\n2.海洋生態豐富，魚群多樣。\n3.有著名的尖翅燕魚郵筒，適合拍照。,https://www.google.com/search?q=%E6%9F%B4%E5%8F%A3%E6%B5%AE%E6%BD%9B%E5%8D%80%0D%0A&ei=PqHRZPyqBJbihwPYyJeYCA&ved=0ahUKEwj8wfWU-8uAAxUW8WEKHVjkBYMQ4dUDCBA&uact=5&oq=%E6%9F%B4%E5%8F%A3%E6%B5%AE%E6%BD%9B%E5%8D%80%0D%0A&gs_lp=Egxnd3Mtd2l6LXNlcnAiEOaftOWPo-a1rua9m-WNgApI4glQpwVYpwVwAngBkAEAmAEAoAEAqgEAuAEDyAEA-AEB-AECqAIA4gMEGAAgQYgGAQ&sclient=gws-wiz-serp#lrd=0x346f8db0fff41a1f:0x30880968a257b4cf，1，，，，,img/map_img/18.jpg,4
海洋之心,東部地區,臺東縣,951臺東縣綠島鄉漁港路,22.65591797,121.4714932,石朗一帶為軟珊瑚礁群海岸，海岸線平緩綿延，海底設置了世界最深11米的豆丁海馬海底郵筒，可以投遞專用防水明信片，當親友收到綠島鹹鹹海味的明信片時，相信會給人留下難忘深刻的體驗，還有具有人工漁礁功能的「海洋之心」裝置藝術，將成為浪漫婚紗的水下拍攝熱點。附近有太平洋黑潮北流通過，周邊有著多樣的環狀珊瑚礁，以及各種魚群，岸上的珊瑚礁群與淺灣的珊瑚礁緊密相連，也有較多珍貴的軟硬珊瑚與優遊其間的小魚，形成優美的海底景觀。,4.6,147,1.假日非常熱鬧，但非假日去不容易排隊。\n2.海底世界真的很漂亮，潛水是一個人生中解鎖的第一次體驗。\n3.綠島的海馬郵筒是一個必去的打卡景點，令人留連忘返。,https://www.google.com/search?q=%E7%B6%A0%E5%B3%B6%E6%B5%B7%E6%B4%8B%E4%B9%8B%E5%BF%83%E8%A9%95%E8%AB%96&ei=P6PRZOv6H4fZ-QaUppPIDQ&ved=0ahUKEwirluCJ_cuAAxWHbN4KHRTTBNkQ4dUDCBA&uact=5&oq=%E7%B6%A0%E5%B3%B6%E6%B5%B7%E6%B4%8B%E4%B9%8B%E5%BF%83%E8%A9%95%E8%AB%96&gs_lp=Egxnd3Mtd2l6LXNlcnAiGOe2oOWztua1t-a0i-S5i-W_g-ipleirljIFEAAYogQyBRAAGKIEMgUQABiiBDIFEAAYogRIhCFQ0Q1Y-RxwAXgBkAEAmAGLAaABrAeqAQMwLji4AQPIAQD4AQHCAgoQABhHGNYEGLAD4gMEGAAgQYgGAZAGCg&sclient=gws-wiz-serp#rlimm=4236165206603613581,img/map_img/19.jpg,null
花瓶岩,南部地區,屏東縣,929屏東縣琉球鄉,22.35541851,120.38165,花瓶岩為小琉球最顯眼、最著名的地標。是一塊珊瑚礁岩，因長期受海水差異性侵蝕，而形成頭大身小的外觀，奇花異草叢生其間，使岩石看起來如同插有花草的花瓶造型，因此取名為『花瓶石』。,4.5,10376,1.小琉球地標景點之一。\n2.照片在太陽下山時拍攝最漂亮。\n3.回憶留在心中，但要珍惜當下，學會長大。,https://www.google.com/search?q=%E8%8A%B1%E7%93%B6%E5%B2%A9%0D%0A&ei=7qPRZPn3K7eB2roP7fyjiAg&ved=0ahUKEwj5pqXd_cuAAxW3gFYBHW3-CIEQ4dUDCBA&uact=5&oq=%E8%8A%B1%E7%93%B6%E5%B2%A9%0D%0A&gs_lp=Egxnd3Mtd2l6LXNlcnAiCuiKseeTtuWyqQpIogtQiwZYiwZwAngBkAEAmAEAoAEAqgEAuAEDyAEA-AEB-AECqAIA4gMEGAAgQYgGAQ&sclient=gws-wiz-serp#lrd=0x3471e57038033fd7:0xc842f4c9d32e16bf，1，，，，,img/map_img/20.jpg,null
中澳,南部地區,屏東縣,929屏東縣琉球鄉三民路124號,22.35122843,120.3875026,中澳沙灘位於琉球嶼東北側，一眼望去海水非常透徹，且有一大片的白色沙灘，上有滿滿的珊瑚碎屑跟貝類，沙灘上還可以看到各式各樣美麗的白化珊瑚，中澳沙灘的沙岸淺而長浪也不大，海水透明的像似乾淨的河水，能盡情玩水玩沙，小琉球最重要的生物「綠蠵龜」產卵也是在這沙灘。,4.8,159,1.可觀賞到海龜和魚群。\n2.浮潛是必須的。\n3.沒有漂浮的垃圾。,https://www.google.com/search?q=%E5%B0%8F%E7%90%89%E7%90%83%E4%B8%AD%E6%BE%B3%0D%0A&ei=T6TRZOmdCZ_u2roPju-zoAY&ved=0ahUKEwipgaOL_suAAxUft1YBHY73DGQQ4dUDCBA&uact=5&oq=%E5%B0%8F%E7%90%89%E7%90%83%E4%B8%AD%E6%BE%B3%0D%0A&gs_lp=Egxnd3Mtd2l6LXNlcnAiEOWwj-eQieeQg-S4rea-swpIAFAAWABwAHgBkAEAmAEAoAEAqgEAuAEDyAEA-AEC-AEB4gMEGAAgQQ&sclient=gws-wiz-serp#lrd=0x3471e5a928b78d75:0x1bca3287178693f6，1，，，，,img/map_img/21.jpg,null
電廠,南部地區,屏東縣,929屏東縣琉球鄉仁愛路1之11號,22.33871866,120.3778391,"無
",4.5,13,1.網美老木位於小琉球的臺電旁，需要沿著海岸走一段路才能找到。\n2.這個秘境景點有很多漂流木，每個點拍起來的感覺都不一樣。\n3.在網美老木附近還可以遇到熱心的阿伯幫忙指導拍照。,https://www.google.com/search?q=%E5%B0%8F%E7%90%89%E7%90%83+%E9%9B%BB%E5%BB%A0&ei=JqfRZJvlNOGL2roPz9y62Ak&ved=0ahUKEwibkKPmgMyAAxXhhVYBHU-uDpsQ4dUDCBA&uact=5&oq=%E5%B0%8F%E7%90%89%E7%90%83+%E9%9B%BB%E5%BB%A0&gs_lp=Egxnd3Mtd2l6LXNlcnAiEOWwj-eQieeQgyDpm7vlu6AyBRAAGKIEMgUQABiiBDIFEAAYogQyBRAAGKIESPoFUPUBWPUBcAF4AZABAJgBngGgAZ4BqgEDMC4xuAEDyAEA-AEBwgIKEAAYRxjWBBiwA-IDBBgAIEGIBgGQBgo&sclient=gws-wiz-serp#lrd=0x3471ef88bc34c71b:0xc9faf5eb3a8fc9a，1，，，，,img/map_img/22.jpg,null
厚石,南部地區,屏東縣,929屏東縣琉球鄉,22.32456304,120.3653352,厚石魚澳因四面礁岩左右圍繞，形成一個天然泳池，位在南面的厚石群礁，是冬天躲避北浪的好地方，此點是初學者練浮潛最佳地點之一，水清透徹、優美海岸、特殊地形。上下岸很容易，適合親子。,4.6,1740,1.有海龜出沒的小海灣。\n2.海水清澈適合小孩玩水。\n3.特別的珊瑚礁海岸值得欣賞。,https://www.google.com/search?q=%E5%B0%8F%E7%90%89%E7%90%83+%E5%8E%9A%E7%9F%B3%E8%A9%95%E8%AB%96&ei=J6jRZOKBEv3R2roPiMuyoA0&ved=0ahUKEwiiscbggcyAAxX9qFYBHYilDNQQ4dUDCBA&uact=5&oq=%E5%B0%8F%E7%90%89%E7%90%83+%E5%8E%9A%E7%9F%B3%E8%A9%95%E8%AB%96&gs_lp=Egxnd3Mtd2l6LXNlcnAiFuWwj-eQieeQgyDljprnn7PoqZXoq5YyBRAAGKIEMgUQABiiBEiVIFD6CVi3HHABeAGQAQCYAZUBoAGPB6oBAzIuNrgBA8gBAPgBAcICChAAGEcY1gQYsAPCAgUQIRigAeIDBBgAIEGIBgGQBgo&sclient=gws-wiz-serp#rlimm=4842873147175291521,img/map_img/23.jpg,null
海子口,南部地區,屏東縣,929屏東縣琉球鄉,22.32539109,120.3591294,海子口位在位於琉球嶼的最南端，是小琉球少數較有地形變化的潛點。港口兩側為消波塊，海水相當潔淨清澈，是小琉球當地極佳的天然浴場，更建有涼亭供遊客休憩賞景，隨處可見小漁船於岸邊停泊，非常適合旅人戲水、賞景及從事海釣等活動。雖然海子口漁港已較少使用，但若從港內下水游出，有時還是會碰上舢舨出入，也是違反法條。建議可挑浪平的時候，從港口左側的礁岩上下岸。,4.4,384,1.近距離看海龜的好地方！\n2.非常乾淨的漁港。\n3.海水清晰，風景怡人。,https://www.google.com/search?q=%E6%B5%B7%E5%AD%90%E5%8F%A3%E7%A7%98%E5%A2%83&ei=xqjRZMSdOpmM2roPmsSpuAI&oq=%E5%B0%8F%E7%90%89%E7%90%83+%E6%B5%B7%E5%AD%90%E5%8F%A3&gs_lp=Egxnd3Mtd2l6LXNlcnAiE-Wwj-eQieeQgyDmtbflrZDlj6MqAggAMgoQABhHGNYEGLADMgoQABhHGNYEGLADMgoQABhHGNYEGLADMgoQABhHGNYEGLADMgoQABhHGNYEGLADMgoQABhHGNYEGLADSJ0RUABYAHABeAGQAQCYAQCgAQCqAQC4AQHIAQDiAwQYACBBiAYBkAYG&sclient=gws-wiz-serp#rlimm=9136751955628227655,img/map_img/24.jpg,null
多仔坪,南部地區,屏東縣,929屏東縣琉球鄉,22.35014315,120.3654971,仔坪潮間帶在小琉球是探訪潮間帶相當受歡迎的生態活動，海岸邊是刺狀的珊瑚礁地形，有些地方的珊瑚礁台地面比海灘還要高，受到海浪的侵蝕，形成凹壁。每天漲退潮時間都不一樣，所以參與潮間帶的時間每天也都不相同，有時在白天、有時在晚上。,4.5,270,1.導覽員講解專業，豐富的海洋生態。\n2.觀賞到海龜令人興奮。\n3.美麗的海景和帆船。,https://www.google.com/search?q=%E5%A4%9A%E4%BB%94%E5%9D%AA%0D%0A&ei=zqjRZKSdEIGk2roPk-ewgA8&ved=0ahUKEwikvJWwgsyAAxUBklYBHZMzDPAQ4dUDCBA&uact=5&oq=%E5%A4%9A%E4%BB%94%E5%9D%AA%0D%0A&gs_lp=Egxnd3Mtd2l6LXNlcnAiCuWkmuS7lOWdqgpIAFAAWABwAHgBkAEAmAEAoAEAqgEAuAEDyAEA-AEC-AEB4gMEGAAgQQ&sclient=gws-wiz-serp#lrd=0x3471e55e12f1e275:0x716a88810d4c8219，1，，，，,img/map_img/25.jpg,null
龍蝦洞,南部地區,屏東縣,929屏東縣琉球鄉,22.34506537,120.3884634,龍蝦洞位於小琉球的東北方，是小琉球島上一處天然的海蝕洞，是一處遍布壺穴及海蝕溝的珊瑚礁海岸地形，為IG熱門拍照打卡景點，此處早期是居民捕捉龍蝦的地方，雖說現在看不太到龍蝦，但景觀卻獨特有魅力，海水清澈冰涼消暑，來這踩水也很涼爽。,4.4,3564,1.近距離觀賞海龜，小孩大滿足。\n2.清澈的水和有趣的天然地形。\n3.美麗的環境，但需要小心岩石和垃圾。,https://www.google.com/search?q=%E9%BE%8D%E8%9D%A6%E6%B4%9E%0D%0A&ei=6KnRZKrqBJqlhwPq6L3wDw&ved=0ahUKEwiq_sW2g8yAAxWa0mEKHWp0D_4Q4dUDCBA&uact=5&oq=%E9%BE%8D%E8%9D%A6%E6%B4%9E%0D%0A&gs_lp=Egxnd3Mtd2l6LXNlcnAiCum-jeidpua0ngpIAFAAWABwAHgBkAEAmAEAoAEAqgEAuAEDyAEA-AEC-AEB4gMEGAAgQQ&sclient=gws-wiz-serp#lrd=0x3471e57f368160b3:0x82a43f09c9b7aa1a，1，，，，,img/map_img/26.jpg,1
杉福,南部地區,屏東縣,929屏東縣琉球鄉,22.34224709,120.3629457,位於小琉球的西邊海域，陽光穿透清徹的海水，這裡的沙灘純白，就跟大多數的小琉球沙灘一樣，是珊瑚礁石貝殼砂，非常美麗！擁有多元、完整的海蝕地形，總吸引不少遊客潛水。,4.5,385,1.內灣區域非常適合孩子玩水。\n2.人潮眾多，水上活動很受歡迎。\n3.出海的人也很多。,https://www.google.com/search?sa=X&tbs=lf:1，lf_ui:1&tbm=lcl&q=%E6%9D%89%E7%A6%8F&rflfq=1&num=10&ved=2ahUKEwjE-t6ZhcyAAxVJbPUHHQ4DAqgQjGp6BAhHEAE&biw=1280&bih=571&dpr=1.5#rlfi=hd:;si:;mv:[[22.347545699999998，120.36610510000001]，[22.3402299，120.36198599999999]];tbs:lrf:!1m4!1u3!2m2!3m1!1e1!1m4!1u2!2m2!2m1!1e1!2m1!1e2!2m1!1e3!3sIAE，lf:1，lf_ui:1,img/map_img/27.jpg,4
浮潛秘境海底郵筒,外島/離島地區,澎湖縣,880澎湖縣馬公市鎖港里,23.51987455,119.6134939,澎湖海底郵筒是全臺第一個設置於水底的郵筒，從山水沙灘潛水到位於離岸150公尺處的海底郵筒，郵筒外層還貼滿繽紛的馬賽克磚，同時結合了水下裝置藝術與珊瑚礁復育的功能，目前也成為澎湖熱門景點之一。,4.4,194,1.珊瑚與熱帶魚種類多樣。\n2.澎湖政府致力於珊瑚復育。\n3.海灣環境復育不錯。,https://www.google.com/search?q=%E6%B5%AE%E6%BD%9B%E7%A7%98%E5%A2%83%E6%B5%B7%E5%BA%95%E9%83%B5%E7%AD%92%0D%0A&biw=1280&bih=571&tbm=lcl&ei=CazRZOWECMe5hwPq2674Dg&ved=0ahUKEwilrbm6hcyAAxXH3GEKHeqtC-8Q4dUDCAk&uact=5&oq=%E6%B5%AE%E6%BD%9B%E7%A7%98%E5%A2%83%E6%B5%B7%E5%BA%95%E9%83%B5%E7%AD%92%0D%0A&gs_lp=Eg1nd3Mtd2l6LWxvY2FsIhnmta7mvZvnp5jlooPmtbflupXpg7XnrZIKSMsOUL8HWL8HcAF4AJABAJgBAKABAKoBALgBA8gBAPgBAfgBAqgCAIgGAQ&sclient=gws-wiz-local#rlfi=hd:;si:7406789335081535534，l，Chjmta7mvZvnp5jlooPmtbflupXpg7XnrZJI5_Oe1J-qgIAIWjIQABABEAIQAxAEGAAYARgCGAMYBCIc5rWuIOa9myDnp5jlooMg5rW35bqVIOmDteetkpIBEnRvdXJpc3RfYXR0cmFjdGlvbqoBUAoJL20vMDR3NjdfEAEyHxABIhslRN-pcElg6-da7TAy2yd-ajmz_W59Bz8OQYUyIBACIhzmta4g5r2bIOenmOWigyDmtbflupUg6YO1562S，y，7AEKIEjwCFo;mv:[[23.51651297731903，119.60716707900316]，[23.516153022680975，119.60677452099685]],img/map_img/28.jpg,null
杭灣,外島/離島地區,澎湖縣,880澎湖縣馬公市,23.51752557,119.6064594,杭灣是礁岩區，有壯麗的玄武岩可以欣賞，海床上孕育豐富的珊瑚，藍色珊瑚礁盈瑩搖曳著，珊瑚覆蓋率高達百分之七十以上，也可以勇於跳入水面之下，與珊瑚群一起悠游，藍海面底下，熱帶魚、魔鬼海膽、藍色珊瑚礁就會緊緊圍繞著，體驗前所未有的海底世界，就在山水沙灘到鎖港海岸間，有兩處陽光阿有熟悉的秘密基地。,4.4,30,1.浮潛秘境海底郵筒可以寄信。\n2.礁岩區提供健走步道體驗。\n3.可以觀察到許多海中生物。,https://www.google.com/search?q=%E6%9D%AD%E7%81%A3&oq=%E6%9D%AD%E7%81%A3&aqs=chrome.0.0i355i512j46i175i199i512j0i512l3j0i5i30l2.9877j0j7&sourceid=chrome&ie=UTF-8#lrd=0x346c4fb5a5c705eb:0x51b61b0fff05b289，1，，，，,img/map_img/29.jpg,1
月鯉灣,外島/離島地區,澎湖縣,883澎湖縣七美鄉月鯉港東面濱海,23.19689854,119.4301126,月鯉灣位在七美鄉，東面臨海有著佈滿白色珊瑚碎屑的海灘，可以欣賞到無敵的海景，水質超清澈，也是有點漸層色的海邊，沙灘是夢幻白色的貝殼珊瑚礁沙灘，且海岸線比較沒有被開發與破壞，這邊可以看到豐富的珊瑚礁群，是七美導主要的潛水地點，並蘊藏豐富的海洋生態。鄰近海岸有多樣化的柱狀玄武岩，包括放射狀及交錯狀等形態，值得遊賞。,4.4,655,1.提供簡易浮潛和觀賞熱帶魚的免費地點。\n2.環境整潔，有沖洗場地和乾淨的廁所。\n3.附近有商店可以購買飲食，還有亭子供休憩。,https://www.google.com/search?q=%E6%9C%88%E9%AF%89%E7%81%A3%0D%0A&ei=zq_RZLKlIMO1oATLgJCQBA&ved=0ahUKEwiyxOSGicyAAxXDGogKHUsABEIQ4dUDCBA&uact=5&oq=%E6%9C%88%E9%AF%89%E7%81%A3%0D%0A&gs_lp=Egxnd3Mtd2l6LXNlcnAiCuaciOmvieeBowpIAFAAWABwAHgAkAEAmAEAoAEAqgEAuAEDyAEA-AEC-AEB4gMEGAAgQQ&sclient=gws-wiz-serp#lrd=0x346da791d64358b3:0x8a385fcd552e74a5，1，，，，,img/map_img/30.jpg,3
南方四島,外島/離島地區,澎湖縣,123澎湖縣望安鄉882東坪村東嶼坪43號,23.25650853,119.5125352,南方四島位於「南方四島國家公園」，包含東嶼坪嶼、西嶼坪嶼、東吉嶼、西吉嶼合稱澎湖南方四島，各島生態資源豐富、美景目不暇給，無論是自然生態、地質景觀或人文史跡等資源，都維持著原始、低污染的天然樣貌，這些小島就像散落在大海裡的藍寶石一般珍貴而閃耀。,4.7,425,1.南方四島景色美不勝收。\n2.導遊郭立綸老師的專業知識和熱情服務讓人感謝。\n3.風景很美，很適合放空的地方。,https://www.google.com/search?q=%E5%8D%97%E6%96%B9%E5%9B%9B%E5%B3%B6%0D%0A&ei=_7DRZMWOEtDN2roPmKyWqA8&ved=0ahUKEwiFio6YisyAAxXQplYBHRiWBfUQ4dUDCBA&uact=5&oq=%E5%8D%97%E6%96%B9%E5%9B%9B%E5%B3%B6%0D%0A&gs_lp=Egxnd3Mtd2l6LXNlcnAiDeWNl-aWueWbm-WztgpI_QpQ2QdY2QdwAXgBkAEAmAEAoAEAqgEAuAEDyAEA-AEB-AECqAIA4gMEGAAgQYgGAQ&sclient=gws-wiz-serp#rlimm=10991755371936558003,img/map_img/31.jpg,1
薰衣草森林,外島/離島地區,澎湖縣,885澎湖縣湖西鄉,23.56467323,119.6370767,這片美景就在「南方四島國家公園」之中，從東嶼坪往下潛，便能欣賞到整片紫色鹿角珊瑚群，清澈的水質孕育豐富的海洋生態，珊瑚覆蓋率很高，不下水也能清楚看見珊瑚礁群，且海底生態多樣，光是珊瑚就有數十種，也能看到各式各樣的海底生物，宛如徜徉在童話故事中的水下世界般。,null,null,1.珊瑚覆蓋率高達70%（會因氣候狀況增減）。\n2.到7-8月份天氣較炎熱時會呈現美麗的藍紫色。\n3.幸運的話還可以看見海龜！,https://travel.yam.com/article/131138,img/map_img/32.jpg,null
東西吉廊道,外島/離島地區,澎湖縣,882澎湖縣望安鄉,23.28214982,119.7254389,澎湖南方四島國家公園中的「東西吉廊道」，是位於東吉嶼和西吉嶼中間的海域，魚群多，亦是臺灣最夯的潛水景點，但流強多，得算準潮汐且要是經驗豐富的潛水員，才能前往此點。,null,null,1.南方四島最有名的潛水點。\n2.地點位於東吉嶼和西吉嶼中間的海域，這裡的海流非常強。\n3.生態越來越豐富，滿滿都是魚。,https://today.line.me/tw/v2/article/wBzpp5,img/map_img/33.jpg,2
基隆潮境公園,北部地區,基隆市,202基隆市中正區北寧路369巷61號,25.1446129,121.8041399,潮境公園位於基隆市，對於沒有多次潛水經驗的潛水愛好者而言，是一個不錯的初級潛點。這裡擁有天然的灣澳地形，適合觀賞魚群，可以看到海蛞蝓、管蟲、海膽、海葵、海百合等生物。如果潛近祕密花園，還能欣賞到更多令人驚豔的海底生物，如巨大海扇群、木瓜河豚、小丑魚、濟公魚和美麗的海蘋果。,4.4,15390,1.潮境公園有美麗的風景和舒適的氛圍。\n2.適合在傍晚欣賞夕陽，坐在草地上享受海風。\n3.部分店家有營業，可在假日逛潮市集。,https://www.google.com/search?q=%E5%9F%BA%E9%9A%86%E6%BD%AE%E5%A2%83%E5%85%AC%E5%9C%92%0D%0A&ei=eLPRZMLoGoGl1e8Pzpi8uAI&ved=0ahUKEwjChILGjMyAAxWBUvUHHU4MDycQ4dUDCBA&uact=5&oq=%E5%9F%BA%E9%9A%86%E6%BD%AE%E5%A2%83%E5%85%AC%E5%9C%92%0D%0A&gs_lp=Egxnd3Mtd2l6LXNlcnAiE-Wfuumahua9ruWig-WFrOWckgpI8AZQhwVYhwVwAXgBkAEAmAEAoAEAqgEAuAEDyAEA-AEB-AECqAIA4gMEGAAgQYgGAQ&sclient=gws-wiz-serp#lrd=0x345d4f796bf63419:0x933818b7df70488e，1，，，，,img/map_img/34.jpg,2
基隆平浪橋,北部地區,基隆市,202基隆市中正區漁港三街,25.13991815,121.8021934,基隆潮境公園旁有一座不起眼的橋樑，名為「平浪橋」或被稱為「彩虹橋」。這座橋橫跨在長潭里漁港航道上方，像是小漁港的閘門，守護著漁村狹長的碼頭出入口，漁船會從橋下的長方形門洞進出。,4.3,66,1.平浪橋是能跨越港口的橋樑之一。\n2.擁有美麗的海景和藍天碧海的好天氣。\n3.吸引了許多遊客和釣魚愛好者。,https://www.google.com/search?q=%E5%9F%BA%E9%9A%86%E5%B9%B3%E6%B5%AA%E6%A9%8B%0D%0A&ei=jrPRZJSrCpj3wAPTt5yABw&ved=0ahUKEwiUqrDQjMyAAxWYO3AKHdMbB3AQ4dUDCBA&uact=5&oq=%E5%9F%BA%E9%9A%86%E5%B9%B3%E6%B5%AA%E6%A9%8B%0D%0A&gs_lp=Egxnd3Mtd2l6LXNlcnAiEOWfuumahuW5s-a1quapiwpIuQhQ1QZY1QZwAngBkAEAmAEAoAEAqgEAuAEDyAEA-AEB-AECqAIA4gMEGAAgQYgGAQ&sclient=gws-wiz-serp#lrd=0x345d4f78615679af:0xbad2497fcd3e9a0b，1，，，，,img/map_img/35.jpg,null
花園二號,北部地區,基隆市,202基隆市中正區,25.14567179,121.8068228,無,null,null,1.獨立礁盤上展滿了各色的海扇和軟珊瑚。\n2.此潛點還有一個特別的巨星海蘋果下秘密花園的人一定要來朝聖！\n3.海蛞蝓在這個潛點非常的常見。,https://albeesmile.pixnet.net/blog/post/65544433-%E3%80%90%E6%BD%9B%E6%B0%B4%E6%97%A5%E8%AA%8C%E3%80%91no.42.43.44%E5%9F%BA%E9%9A%86%E5%85%AB%E6%96%97%E5%AD%90%E6%BD%AE%E5%A2%83%E5%85%AC%E5%9C%92%E3%80%82,img/map_img/36.jpg,null
秘密花園,北部地區,基隆市,202基隆市中正區,25.14447062,121.805751,這裡最受歡迎的景點是海蘋果，下潛遇到兩條海溝後，探索海蘋果的獨立礁石，周圍還可見到蝴蝶魚、鋸尾鯛等壯觀的魚群和其他生物，不同季節還有不同的觀賞點，如虎斑烏賊產卵、烏尾冬和紅魽群等。同時，來到這裡也可以欣賞到獨特的軟絲產房景觀。,null,null,1.獨立礁盤上展滿了各色的海扇和軟珊瑚。\n2.此潛點還有一個特別的巨星海蘋果下秘密花園的人一定要來朝聖！\n3.海蛞蝓在這個潛點非常的常見。,https://albeesmile.pixnet.net/blog/post/65544433-%E3%80%90%E6%BD%9B%E6%B0%B4%E6%97%A5%E8%AA%8C%E3%80%91no.42.43.44%E5%9F%BA%E9%9A%86%E5%85%AB%E6%96%97%E5%AD%90%E6%BD%AE%E5%A2%83%E5%85%AC%E5%9C%92%E3%80%82,img/map_img/37.jpg,1
花牆,北部地區,基隆市,202基隆市中正區,25.1469538,121.8083538,龜山島對向的秘境潛點，20米以上的絕佳能見度，豐富多樣的海洋生態包括珊瑚、海蛞蝓、海鰻、龍蝦和土魟，讓潛水愛好者享受美好的潛水體驗。,null,null,無,無,img/map_img/38.jpg,null
油庫口,北部地區,基隆市,202基隆市中正區,25.14776226,121.7997671,無,null,null,無,無,img/map_img/39.jpg,null
鋼鐵礁,北部地區,基隆市,202基隆市中正區,25.14398553,121.8082135,位於基隆潮境公園外海，是除了綠島和小琉球之外的鋼鐵礁。鋼鐵礁有三層，第二層約有30米而到了第三層約有35米，而此地魚類生態算是豐富但須注意東北季風時，能見度非常低。,null,null,1.為基隆市政府在潮境灣內投下的數座人工魚礁。\n2.每年夏季都可以看到各式成群的仔魚躲藏在礁體周圍。\n3.同時適合新手與老手的良好潛點。,http://water4fun.com/welcome/details?a_sid=7,img/map_img/40.jpg,1
海建號沈船,北部地區,基隆市,202基隆市中正區,25.14087859,121.8073076,海建號前身為水試所實驗船，並於2013年成為人工魚礁。而此潛點魚群眾多，最常見的當屬竹莢魚、烏尾?、紅甘、燕魚等，不過要注意此處常年能見度不佳，需找專業教練為佳。,null,null,1.海建號前身為水試所實驗船。\n2.潛點魚群多，常見竹莢魚、烏尾、紅甘、燕魚等。\n3.常年能見度不佳，建議攜帶兩支以上手電筒。,https://bluetrend.media/taiwan-dive-sites-hai-jian-hau/,img/map_img/41.jpg,null
鋼鐵屋,北部地區,基隆市,202基隆市中正區,25.13992944,121.807711,無,null,null,1.為基隆市政府在潮境灣內投下的數座人工魚礁。\n2.每年夏季都可以看到各式成群的仔魚躲藏在礁體周圍。\n3.同時適合新手與老手的良好潛點。,http://water4fun.com/welcome/details?a_sid=7,img/map_img/42.jpg,null
鼻頭角公園,北部地區,新北市,224新北市瑞芳區鼻頭路1號,25.12566856,121.9151645,鼻頭角公園位於基隆市，是一個海岸公園。公園以其位於基隆市東北角地區的鼻頭角地形而得名。除了多變的地形外，其外圍有礁岩阻隔外海所以風浪相對小、安全性也夠更有豐富的魚群，所以吸引了許多人來潛水。,4.5,5665,1.適合傍晚或一大早漫步。\n2.可以浮潛玩水的好地方。\n3.停車腹地有限，但海景滿分。,https://www.google.com/search?q=%E6%96%B0%E5%8C%97%E9%BC%BB%E9%A0%AD%E8%A7%92%E5%85%AC%E5%9C%92%0D%0A&ei=k7XRZOzgBfvN2roP17GDyA0&ved=0ahUKEwis9u7GjsyAAxX7plYBHdfYANkQ4dUDCBA&uact=5&oq=%E6%96%B0%E5%8C%97%E9%BC%BB%E9%A0%AD%E8%A7%92%E5%85%AC%E5%9C%92%0D%0A&gs_lp=Egxnd3Mtd2l6LXNlcnAiFuaWsOWMl-m8u-mgreinkuWFrOWckgoyChAAGEcY1gQYsAMyChAAGEcY1gQYsAMyChAAGEcY1gQYsAMyChAAGEcY1gQYsAMyChAAGEcY1gQYsAMyChAAGEcY1gQYsAMyChAAGEcY1gQYsAMyChAAGEcY1gQYsANIwkRQyQNY2UFwAXgBkAEAmAEAoAEAqgEAuAEDyAEA-AEC-AEB4gMEGAAgQYgGAZAGCA&sclient=gws-wiz-serp#lrd=0x345d439050e0554b:0x215f832cbcb93fb7，1，，，，,img/map_img/43.jpg,5
蝙蝠洞公園,北部地區,新北市,224新北市瑞芳區海濱里,25.12663764,121.8317214,蝙蝠洞公園內有一個天然形成的洞穴，是許多蝙蝠的棲息地，因此得名。不僅如此這裡還擁有豐富的海底資源，在此進行潛水活動時可觀察到許多貝類、魚類、軟絲等。但因地形特殊，被歸類為進階的潛點。,4.1,2107,1.蝙蝠大約在傍晚時分飛出來，非常壯觀。\n2.公園內有公廁，方便休息。\n3.停車位非常有限，在假日人潮眾多時很難找到位置。,https://www.google.com/search?q=%E8%9D%99%E8%9D%A0%E6%B4%9E%E5%85%AC%E5%9C%92&oq=%E8%9D%99%E8%9D%A0%E6%B4%9E%E5%85%AC%E5%9C%92&aqs=chrome.0.0i355i512j46i175i199i512j0i512l8.877j0j9&sourceid=chrome&ie=UTF-8#lrd=0x345d45734288c3bb:0xd913eafa00af7686，1，，，，,img/map_img/44.jpg,3
龍洞灣,北部地區,新北市,228新北市貢寮區,25.10399692,121.9232823,龍洞灣是基隆市的海灣，以其壯觀的龍洞岩和美麗的海灘聞名。此區是北部主要潛水基地，潛店密度全臺位居第一。因地形關係不太會遇到強近海流，水質清澈且海底生態豐富，因此吸引許多潛客。,null,null,1.位於鼻頭岬與龍洞岬中間，是一個天然東北—西南向的峽灣。\n2.此區是北部主要潛水基地，路邊整排潛店密度全臺第一。\n3.由於峽灣內幾乎不會遇到強勁海流，非常適合潛水活動。,https://www.mingdiving.com/thenortheastcoast,img/map_img/45.jpg,2
龍洞1號,北部地區,新北市,228新北市貢寮區龍洞街63-8號,25.1171114,121.9173877,位於龍洞灣公園內泳池外側。此處屬於官方認證的安全海域，適合新手用於訓練，且因其地形為Z字形，有許多峽谷、峭壁，潛水者可以在峭壁上看到許多顏色艷麗的軟珊瑚。,null,null,1.位於龍洞灣公園內泳池外側。\n2.有許多小峽谷、峭壁、在峭壁之側，長滿許多顏色艷麗的軟珊瑚，魚群甚多。\n3.初級潛點，岸潛。,https://www.mingdiving.com/thenortheastcoast,img/map_img/46.jpg,null
龍洞1.5號,北部地區,新北市,228新北市貢寮區龍洞街63-8號,25.11594308,121.9154998,"位在龍洞灣公園旁，潛水客棧正對面。它位在1號和2號之間，所以才被潛水員稱為1.5號。在此處有機會觀察到軟絲生態，因每年皆有固定施放軟絲復育產房
，而礁石間也可以觀察到許多微生物。",null,null,1.此潛點在龍洞灣公園旁。\n2.此處每年皆有固定施放軟絲復育產房，有機會近距離觀察軟絲生態。\n3.東北季風影響時，因為迎風面浪大不宜下水。,https://www.mingdiving.com/thenortheastcoast,img/map_img/47.jpg,null
龍洞2號,北部地區,新北市,228新北市貢寮區龍洞街63-8號,25.11416872,121.9133884,龍洞灣公園入口處右側小路下至海邊，可穿過九孔池右側礁石進入水道。這個地方有數塊暗礁，水深不超過一米。在風浪較大的情況下，可能會產生不規則的亂流，新手需要特別小心。這個地方主要有雀鯛魚類，海星隨處可見，還有獅子魚和石狗公都有較高的出現機率。,null,null,1.此處在水道中有數塊暗礁，水深不及一米。\n2.風浪較大時，會產生不規則亂流，對新手而言，需要特別小心，一旦通過暗礁，則是一片平坦。\n3.此處魚類以雀鯛居多，海星隨處可見，獅子魚、石狗公出現機率頗高。,https://www.mingdiving.com/thenortheastcoast,img/map_img/48.jpg,null
龍洞3號,北部地區,新北市,228新北市貢寮區龍洞街35-2號,25.1121126,121.9169991,位於龍洞漁港面海的右邊，上下岸方便，是初級潛水的好地方。也因此處地形安全，吸引了許多潛水人員，但如今龍洞3號已沒什麼魚，而且經常是水母、且垃圾較多。,null,null,1.位於龍洞漁港面海右邊，上下岸方便，是初級潛水的好地方。\n2.此處地形安全；潛水人員很多，但魚類較少。\n3.初級潛點，岸潛。,https://www.mingdiving.com/thenortheastcoast,img/map_img/49.jpg,null
龍洞4號,北部地區,新北市,228新北市貢寮區龍洞街35-2號,25.11327742,121.9197311,此潛點龍洞街底和美國小旁，此處地形單純適合初級潛水員。在這個潛點礁頂上有一些常見的魚類，如天竺鯛、笛鯛和雀鯛等，礁石上也有各種海蛞蝓和彩虹色的臘膜蝦，五月或九月還有可能看到紅魽魚群迴遊，六月份則有花焰火枝的出現。,null,null,1.地形單純。適合初級潛水員。\n2.此處礁頂有固定居住一定數量之天竺鯛、笛鯛、雀鯛等等魚種。\n3.礁石上也有各類海蛞蝓與釉彩臘膜蝦，五月或九月也有機會看到紅魽魚群迴遊。,https://www.mingdiving.com/thenortheastcoast,img/map_img/50.jpg,null
蚊子坑,北部地區,新北市,228新北市貢寮區和美里,25.09306342,121.916026,"蚊子坑位在龍洞南口公園至和美社區83.9K處，相較其它潛點來說出入水簡單。雖然此處沒有瑰麗的海洋奇景，但可觀察到小丑魚、石狗公和許多繽紛小魚群，
豐富的物種使這裡總是蓬勃朝氣、盎然生機。",null,null,1.蚊子坑位在龍洞南口公園至和美社區83.9K處。\n2.這裡沒有瑰麗的海洋奇景，但有可愛的小丑魚、石狗公、繽紛小魚群。\n3.中級潛點。岸潛。,https://www.mingdiving.com/thenortheastcoast,img/map_img/51.jpg,null
水晶宮,北部地區,新北市,224新北市瑞芳區,25.13473915,121.8151204,這裡有許多繽紛炫目的軟體與海扇群，最著名的是2米的大海扇。而礁岩中布滿許多小丑魚和海葵，有時更可以遇見各式魚群的拜訪，是北部知名的潛點。,null,null,1.整片海域也是海扇遍布，堪稱海扇森林。\n2.生態極為豐富。\n3.每株海扇動輒比人還大。,https://smiletaiwan.cw.com.tw/article/3706,img/map_img/52.jpg,null
象鼻岩,北部地區,新北市,224新北市瑞芳區,25.13506585,121.8185848,位於新北瑞芳深澳漁港旁的海岬，海底生態豐富不僅有保育類的遊隼可看外，還有許多美麗的魚群，且這裡不只可以潛水，還可以從事獨木舟的活動。,4.4,10669,1.風景非常漂亮，可以眺望整個北海岸，從三貂角到鼻頭角都能一覽無遺。\n2.要走一段海邊才能看到象鼻岩本人，務必穿好走的鞋子。\n3.位於深澳漁港，附近有一個蠻大的停車場，步行約十分鐘可以抵達象鼻岩。,https://www.google.com/search?q=%E6%96%B0%E5%8C%97%E5%B8%82+%E6%B7%B1%E5%A5%A7%E8%B1%A1%E9%BC%BB&ei=xdTRZK3AMuza1e8Pqt6BsA0&ved=0ahUKEwjttp6nrMyAAxVsbfUHHSpvANYQ4dUDCBA&uact=5&oq=%E6%96%B0%E5%8C%97%E5%B8%82+%E6%B7%B1%E5%A5%A7%E8%B1%A1%E9%BC%BB&gs_lp=Egxnd3Mtd2l6LXNlcnAiFuaWsOWMl-W4giDmt7HlpafosaHpvLsyBxAhGKABGAoyBxAhGKABGAoyBxAhGKABGApIiQtQ3AZY3AZwAXgBkAEAmAHaAaAB2gGqAQMyLTG4AQPIAQD4AQHCAgoQABhHGNYEGLAD4gMEGAAgQYgGAZAGCg&sclient=gws-wiz-serp#lrd=0x345d459d0b0a7a47:0x32cafc916cffb957，1，，，，,img/map_img/53.jpg,3
玫瑰花園,北部地區,新北市,224新北市瑞芳區,25.13234603,121.8239979,此潛點因礁岩覆蓋著大片珊瑚而聞名，不僅且停車方便且下水點好找，屬於自由潛水新手就可挑戰的地方，雖然能見度變化無常但海洋樣貌多樣還可欣賞沉船殘骸,null,null,無,無,img/map_img/54.jpg,null
豆腐岬公園,北部地區,宜蘭縣,270宜蘭縣蘇澳鎮,24.5838643,121.8714373,宜蘭豆腐岬是一個位於東北角海岸線上的海蝕地形，以其奇特的地質景觀和豆腐般的形狀而聞名。這個潛水點的海域水質清澈，可在此海域中探索珊瑚礁、岩石地形、海藻床和各種海洋生物。且這個區域的水域相對平靜，使得潛水者可以享受到相對輕鬆和安全的潛水經驗。,4.2,5500,1.美麗的環境。\n2.合理的價格。\n3.假日非常多人在這裡從事水上活動。,https://www.google.com/search?q=%E5%AE%9C%E8%98%AD%E8%B1%86%E8%85%90%E5%B2%AC&ei=89XRZMjWFJPo-AbClLiIAQ&gs_ssp=eJzj4tFP1zfMM04pN6gssDRgtFI1qDA2MTNPtTA2TbRMMzcxTjK1AgqlpCQaJaVYGKcmm6WYGqZ58T9dN-fFjLUvNra9aJ3wdNMaAOgzGgQ&oq=%E5%AE%9C%E8%98%AD%E8%B1%86%E8%85%90%E5%B3%BD&gs_lp=Egxnd3Mtd2l6LXNlcnAiD-WunOiYreixhuiFkOWzvSoCCAAyDRAuGK8BGMcBGIAEGAoyBxAAGIAEGAoyBxAAGIAEGAoyBxAAGIAEGAoyBxAAGIAEGAoyDRAuGIAEGMcBGK8BGAoyHBAuGK8BGMcBGIAEGAoYlwUY3AQY3gQY4ATYAQFI8x5QAFiwCnAAeAGQAQCYAXKgAaQEqgEDMC41uAEByAEA-AEBwgIFEAAYogTCAhwQLhiABBjHARivARgKGJcFGNwEGN4EGOAE2AEB4gMEGAAgQYgGAboGBggBEAEYFA&sclient=gws-wiz-serp#lrd=0x3467e835a9f743b5:0x3dda2bd83ec6d51f，1，，，，,img/map_img/55.jpg,1
粉鳥林,北部地區,宜蘭縣,270宜蘭縣蘇澳鎮,24.49727166,121.8431698,蘇澳鎮粉鳥林位於宜蘭縣東北部，獨特隱蔽的地理位置。粉鳥林這個潛水點以其壯觀的海底溝壑、珊瑚礁和多樣化的海洋生物而聞名，潛水者可以穿梭於狹窄的海底溝壑中，探索岩石間的縫隙和海洞。,null,null,1.粉鳥林時常也會有人來潛水或是獨木舟。\n2.會潛水、浮潛、不怕水、想玩獨木舟的朋友們，可以來看看這的海底世界有什麼不一樣的東西，但還是要請大家，安全第一！\n3.因為早期這裡有許多野生鴿子棲息，臺語的鴿子唸做「粉鳥」，「粉鳥林」便因此而得名。,https://keketravel.cc/amp/85/,img/map_img/56.jpg,3
石梯坪,東部地區,花蓮縣,977花蓮縣豐濱鄉臺11線,23.48869398,121.5137846,石梯坪有長年經風力和海水雕刻而成的特殊沿岸風景，且潮間帶生態資源豐富有螃蟹、海星、海參、寄居蟹，不僅如此海底也蘊藏豐富的珊瑚礁群和熱帶魚群，是潛水愛好者的天堂,4.4,4183,1.海景超美。\n2.景點療愈。\n3.放慢腳步走向海邊。,https://www.google.com/search?q=%E7%9F%B3%E6%A2%AF%E5%9D%AA%E9%81%8A%E6%86%A9%E9%A2%A8%E6%99%AF%E5%8D%80&ei=EdfRZJzAJY2H-Qb_kIJI&ved=0ahUKEwjcjMK_rsyAAxWNQ94KHX-IAAkQ4dUDCBA&uact=5&oq=%E7%9F%B3%E6%A2%AF%E5%9D%AA%E9%81%8A%E6%86%A9%E9%A2%A8%E6%99%AF%E5%8D%80&gs_lp=Egxnd3Mtd2l6LXNlcnAiGOefs-air-WdqumBiuaGqemiqOaZr-WNgDILEC4YrwEYxwEYgAQyBRAAGIAEMgYQABgeGA8yBhAAGB4YDzIaEC4YrwEYxwEYgAQYlwUY3AQY3gQY4ATYAQFIlAhQhARYhARwAXgBkAEAmAFtoAFtqgEDMC4xuAEDyAEA-AEB-AECqAIA4gMEGAAgQYgGAboGBggBEAEYFA&sclient=gws-wiz-serp#lrd=0x346f505b19a23f2b:0xbf6923cdc9ee1c12，1，，，，,img/map_img/57.jpg,2
杉原灣,東部地區,臺東縣,954臺東縣卑南鄉海水浴場,22.83076987,121.1861319,位於杉原美麗灣一旁的礁岩海域。這片海域的軟、硬珊瑚覆蓋率非常高且種類極其多元甚至贏過蘭嶼和綠島，但近海能見度不高要稍微往外海游去，水質就會逐漸變清澈。,4.7,250,1.衝浪初學者的練習地，適合各年齡層來玩。\n2.乾淨的沙清澈的海。\n3.天氣好的時候，白雲倒影映照在海面上的景致很美。,https://www.google.com/search?q=%E6%9D%89%E5%8E%9F%E7%81%A3%E6%B2%99%E7%81%98&ei=htjRZLuJMs-s-QaFy6DgCA&ved=0ahUKEwi75Lzxr8yAAxVPVt4KHYUlCIwQ4dUDCBA&uact=5&oq=%E6%9D%89%E5%8E%9F%E7%81%A3%E6%B2%99%E7%81%98&gs_lp=Egxnd3Mtd2l6LXNlcnAiD-adieWOn-eBo-aymeeBmDIFEAAYgAQyBRAAGIAESLcDUABYAHAAeAGQAQCYAW-gAW-qAQMwLjG4AQPIAQD4AQL4AQHiAwQYACBBiAYB&sclient=gws-wiz-serp#rlimm=15274888579075462334,img/map_img/58.jpg,1
三仙臺,東部地區,臺東縣,961臺東縣成功鎮,23.12689065,121.4221268,位於臺東縣成功鎮的三仙台，此區域周邊海底生態相當豐富有相當多的魚類及海蛞蝓，最特別的是此處可目擊到國際聞名的「豆丁海馬」和大量的海扇珊瑚，高度超過一公尺，分布在周邊礁岩。,null,null,1.現在三仙臺周邊海底生態相當豐富。\n2.國際聞名的豆丁海馬，這兒目擊率非常高。\n3.海底10公尺礁石上的軟珊瑚覆蓋率幾乎100％。,https://www.setn.com/News.aspx?NewsID=893623,img/map_img/59.jpg,2
中寮漁港,東部地區,臺東縣,951臺東縣綠島鄉,22.67565232,121.472588,位於綠島燈塔附近的著名景點，現今是一個閒置的小港。港內風平浪靜下水容易且水質清澈，加上中寮港的無脊椎動物非常豐富，因此吸引了許多潛水新手來浮淺，欣賞此處的海底風光。,4.5,220,1.生物多且可以一直玩。\n2.水深適合游泳練習。\n3.潮間帶生態體驗不錯。,https://www.google.com/search?q=%E4%B8%AD%E5%AF%AE%E6%BC%81%E6%B8%AF%0D%0A&ei=CNzRZLnvGc6M-Abo14GoAQ&ved=0ahUKEwi5k76ds8yAAxVOBt4KHehrABUQ4dUDCBA&uact=5&oq=%E4%B8%AD%E5%AF%AE%E6%BC%81%E6%B8%AF%0D%0A&gs_lp=Egxnd3Mtd2l6LXNlcnAiDeS4reWvrua8gea4rwpIAFAAWABwAHgAkAEAmAEAoAEAqgEAuAEDyAEA-AEC-AEB4gMEGAAgQQ&sclient=gws-wiz-serp#lrd=0x346f8da36ad375bb:0xaebd0d723bebce70，1，，，，,img/map_img/60.jpg,2
黑毛礁,東部地區,臺東縣,951臺東縣綠島鄉,22.68014256,121.4798349,黑毛礁位於綠島的柴口保育區，其特色為由上而下排列的巨型團塊微孔形成的礁石，且魚種相當豐富，有機會目擊到海龜、海蛇、章魚、海蛞蝓、豆丁海馬等，是一個絕佳的潛水地點。,null,null,1.黑毛礁位於綠島的柴口保育區，特色是由巨型的團塊微孔形成層層相疊的礁石。\n2.此處礁頂約7米，礁底約14米，同時適合新手與老手。\n3.應注意:上下岸的腳步安全、綁下潛繩時應挑選非敏感的礁石。,https://www.happyminimi.com/2661221475406572761130977.html,img/map_img/61.jpg,null
柴口,東部地區,臺東縣,95142臺東縣綠島鄉柴口61號,22.6766976,121.4829034,柴口浮潛區是綠島三大潛水區中最北端的一處潛點。以壯觀的石珊瑚著名，海水變化具有層次感且潮間帶生物豐富，且因其地理位置為避風面，是每年6-8月西南風吹臨綠島時的最佳潛點。,4.6,955,1.海底視野很好，清澈透明。\n2.海洋生態豐富，魚群多樣。\n3.有著名的尖翅燕魚郵筒，適合拍照。,https://www.google.com/search?q=%E6%9F%B4%E5%8F%A3%0D%0A&ei=jN3RZLDqOqiB2roPna-m6Ac&ved=0ahUKEwiw4ODWtMyAAxWogFYBHZ2XCX0Q4dUDCBA&uact=5&oq=%E6%9F%B4%E5%8F%A3%0D%0A&gs_lp=Egxnd3Mtd2l6LXNlcnAiB-aftOWPowpI3gZQlwNYlwNwAXgAkAEAmAEAoAEAqgEAuAEDyAEA-AEB-AECqAIA4gMEGAAgQYgGAQ&sclient=gws-wiz-serp#lrd=0x346f8db0fff41a1f:0x30880968a257b4cf，1，，，，,img/map_img/62.jpg,5
公館鼻,東部地區,臺東縣,951臺東縣綠島鄉,22.676215,121.493002,因其地形的高低落差形成奇特的海底景觀，可觀察到許多成群的小魚、海扇、海百合、棘穗軟珊瑚、海鞭等，而此處還有著名的海蝕溝和洞穴，可讓潛水者在此海域探險。,4.6,55,1.綠島石山是臺灣重要的史前遺址。\n2.山頂可欣賞綠島燈塔、石牛山和綠島監獄。\n3.夕陽景色迷人，放空心情，欣賞大自然的美景。,https://www.google.com/search?q=%E5%85%AC%E9%A4%A8%E9%BC%BB%0D%0A&ei=nN3RZNuAN7-12roPi-algA8&ved=0ahUKEwjbvq3etMyAAxW_mlYBHQtzCfAQ4dUDCBA&uact=5&oq=%E5%85%AC%E9%A4%A8%E9%BC%BB%0D%0A&gs_lp=Egxnd3Mtd2l6LXNlcnAiCuWFrOmkqOm8uwpI3w1QxgZYxgZwAngBkAEAmAEAoAEAqgEAuAEDyAEA-AEB-AECqAIA4gMEGAAgQYgGAQ&sclient=gws-wiz-serp#lrd=0x346f8c4b4b24d6b7:0x6f97faac4147d180，1，，，，,img/map_img/63.jpg,null
將軍岩,東部地區,臺東縣,123臺東縣綠島鄉951東邊海岸,22.6766718,121.4957395,位於公館港旁的將軍岩，有著名的「小丑漁村」坐落於此，且在此處可觀賞到許多獨特的海蛞蝓以及綠島著名的紙片海馬，運氣好時還能看到海龜的身影，喜歡拍照的潛水者絕對不可錯過此潛點。,4.5,222,1.綠島東北部海岸的安山岩巨石群形成堅毅嚴峻的將軍景觀。\n2.蔚藍的海洋和綠茵盎然的綠地營造出秀麗的風景。\n3.觀賞日出時，身心得到舒放，讓人讚嘆鬼斧神工的大自然藝術。,https://www.google.com/search?q=%E5%B0%87%E8%BB%8D%E5%B2%A9%0D%0A&ei=-93RZO-RBcqu2roP0M6i-AY&ved=0ahUKEwiv-6GLtcyAAxVKl1YBHVCnCG8Q4dUDCBA&uact=5&oq=%E5%B0%87%E8%BB%8D%E5%B2%A9%0D%0A&gs_lp=Egxnd3Mtd2l6LXNlcnAiCuWwh-i7jeWyqQpIAFAAWABwAHgBkAEAmAEAoAEAqgEAuAEDyAEA-AEC-AEB4gMEGAAgQQ&sclient=gws-wiz-serp#lrd=0x346f8c5400000001:0x94a5c4fe26a2421b，1，，，，,img/map_img/64.jpg,1
豆丁礁,東部地區,臺東縣,951臺東縣綠島鄉,22.67834348,121.4932005,無,4.6,147,1.假日非常熱鬧，但非假日去不容易排隊。\n2.海底世界真的很漂亮，潛水是一個人生中解鎖的第一次體驗。\n3.綠島的海馬郵筒是一個必去的打卡景點，令人留連忘返。,https://www.google.com/search?q=%E7%B6%A0%E5%B3%B6%E8%B1%86%E4%B8%81%E7%A4%81&ei=ceDRZMnQBPHN1e8P3MGyqAQ&ved=0ahUKEwiJzdW3t8yAAxXxZvUHHdygDEUQ4dUDCBA&uact=5&oq=%E7%B6%A0%E5%B3%B6%E8%B1%86%E4%B8%81%E7%A4%81&gs_lp=Egxnd3Mtd2l6LXNlcnAiD-e2oOWztuixhuS4geekgTIFEAAYogQyBRAAGKIEMgUQABiiBDIFEAAYogRI2hRQAFjLD3AAeAGQAQCYAXugAZgFqgEDNS4yuAEDyAEA-AEB4gMEGAAgQYgGAQ&sclient=gws-wiz-serp#lrd=0x346e03b53cb63147:0x3ac9e1cfad7a458d，1，，，，,img/map_img/65.jpg,null
一線天,東部地區,臺東縣,951臺東縣綠島鄉,22.68109827,121.4931103,一線天位於公館港外海處，礁石東南側附近有條裂縫，從此裂縫望向海平面就是著名「一線天景觀」。而此海域深度較深，不同深度有不同的生態景象，因此可以看到許多不同的生物。,null,null,1.一線天位於公館外海，與大峽谷相鄰而居。兩者皆屬強流切割出的地形，銳利且壯觀，難度也相對較高。\n2.四周為峭壁，海扇層次分明，珊瑚覆蓋率高，大批的魚群、小型生物分布於此。\n3.此區為常態性的流強水大。下次來潛水時，記得要先請教當地經驗豐富的船家及教練評估海況。,https://www.facebook.com/tdc79838170/posts/2554420471236349/?locale=zh_CN,img/map_img/66.jpg,3
大峽谷,東部地區,臺東縣,951臺東縣綠島鄉,22.68827349,121.4904579,位在公館外海擁有天然的山形景觀，兩側垂直峭壁形成峽谷樣貌。當潛水者穿過峽谷後可看到許多大海扇、成群的金花鱸魚、擬羊魚群等，而此處更有機會遇到大型魚類。,null,null,1.最大深度32.6m、平均深度18.1m。\n2.此潛點地形有如切割狀的斷層，兩側垂直峭壁形成峽谷景觀，氣勢壯闊，穿過峽谷可見生長完整的大海扇。\n3.密密麻麻的金花鱸魚、擬羊魚群、烏尾冬悠遊在此，往峭壁另一端的深藍海望去，偶爾還能遇見大型魚類上演餵食秀。,https://www.mingdiving.com/blog/diving103,img/map_img/67.jpg,1
三塊石,東部地區,臺東縣,951臺東縣綠島鄉環島公路,22.63969412,121.4907967,位於樓門岩東北方的一座外礁，是所有外礁潛點中距離綠島最遠的一點，礁石頂端有三塊岩石由南至北露出水面，入水後水深呈階梯狀從24米、30米、50米往下墜至65米，尤其在礁石南北側峭壁，並未有任何緩衝礁坪，可從凸出水面的石塊直接下切到60米以下的深度，海流為由南向北流動的黑潮主流，特色生物大部分為刺尾鯛科與烏尾?科的魚種，另有鯖魚科的魚種也會在此洄游。,3,5,1.深潛景點之一。\n2.好多海底生物。\n3.海邊很藍很漂亮。,https://www.google.com/search?q=%E7%B6%A0%E5%B3%B6%E4%B8%89%E5%A1%8A%E7%9F%B3%0D%0A&ei=IOHRZJL2F5_d1e8Pxp6h6Ao&ved=0ahUKEwiShqKLuMyAAxWfbvUHHUZPCK0Q4dUDCBA&uact=5&oq=%E7%B6%A0%E5%B3%B6%E4%B8%89%E5%A1%8A%E7%9F%B3%0D%0A&gs_lp=Egxnd3Mtd2l6LXNlcnAiEOe2oOWztuS4ieWhiuefswpIAFAAWABwAHgBkAEAmAEAoAEAqgEAuAEDyAEA-AEC-AEB4gMEGAAgQQ&sclient=gws-wiz-serp#lrd=0x346f8d200cd4e955:0xae0a42096a6d786e，1，，，，,img/map_img/68.jpg,null
仙人疊石,東部地區,臺東縣,951臺東縣綠島鄉,22.6589914,121.5072898,因形狀似金字塔且一層層依序疊上去而被稱為「仙人疊石」，是小長城和睡美人中間突出的尖石。想到達此處須爬三十分鐘的山路，要從事跳水或潛水活動者建議熟人帶較安全。,4.8,9,1.綠島秘境景色壯麗，有特有的柱狀節理景觀，形狀像金字塔。\n2.秘境附近有海蝕洞和小丑魚的家，可以跳水和觀察海洋生物。\n3.前往綠島秘境需要走一段難度較高的山路，但是美景值得一切努力。,https://www.google.com/search?q=%E7%B6%A0%E5%B3%B6%E4%BB%99%E4%BA%BA%E7%96%8A%E7%9F%B3%0D%0A&ei=XeHRZLbOBv_m1e8PiPWJaA&ved=0ahUKEwj28JuouMyAAxV_c_UHHYh6Ag0Q4dUDCBA&uact=5&oq=%E7%B6%A0%E5%B3%B6%E4%BB%99%E4%BA%BA%E7%96%8A%E7%9F%B3%0D%0A&gs_lp=Egxnd3Mtd2l6LXNlcnAiE-e2oOWztuS7meS6uueWiuefswoyChAAGEcY1gQYsAMyChAAGEcY1gQYsAMyChAAGEcY1gQYsAMyChAAGEcY1gQYsAMyChAAGEcY1gQYsAMyChAAGEcY1gQYsAMyChAAGEcY1gQYsAMyChAAGEcY1gQYsAMyChAAGEcY1gQYsAMyChAAGEcY1gQYsANImglQsgRYsgRwAXgBkAEAmAEAoAEAqgEAuAEDyAEA-AEC-AEB4gMEGAAgQYgGAZAGCg&sclient=gws-wiz-serp#lrd=0x346f8d3f8439dbd1:0xa385a71b201f2260，1，，，，,img/map_img/70.jpg,null
柚子湖,東部地區,臺東縣,951臺東縣綠島鄉,22.66563416,121.5100447,柚子湖藍洞是一個天然的海蝕洞，有著清澈迷人的湛藍色海水，在這裡可以看到美麗的珊瑚礁和壯麗的海底景色，如果剛好能遇到陽光灑落的時機點，甚至能看到光線在海底形成的奇幻畫面！這裡不僅有絕美的海洋，還有隱藏在山壁上的神秘瀑布，讓潛客在瀑布下戲水的同時感受大自然的魅力～,4.5,695,1.入口風景超美。\n2.適合拍照和拍攝。\n3.附近的海灘可以進入。,https://www.google.com/search?q=%E6%9F%9A%E5%AD%90%E6%B9%96&ei=d-LRZNfgH4-2oATHsYPYCQ&ved=0ahUKEwiX-PCuucyAAxUPG4gKHcfYAJsQ4dUDCBA&uact=5&oq=%E6%9F%9A%E5%AD%90%E6%B9%96&gs_lp=Egxnd3Mtd2l6LXNlcnAiCeafmuWtkOa5ljINEC4YrwEYxwEYigUYQzIFEAAYgAQyBRAAGIAEMgUQABiABDILEC4YgAQYxwEYrwEyBRAAGIAEMgUQABiABDIFEAAYgAQyBxAAGIoFGEMyCRAAGAcYHhjxBDIcEC4YrwEYxwEYigUYQxiXBRjcBBjeBBjgBNgBAUjJAVAAWABwAHgBkAEAmAFfoAFfqgEBMbgBA8gBAPgBAeIDBBgAIEGIBgG6BgYIARABGBQ&sclient=gws-wiz-serp#lrd=0x346f8c5c78eaa095:0x7e9c6d393dd7aff5，1，，，，,img/map_img/71.jpg,1
仙掌森林,東部地區,臺東縣,951臺東縣綠島鄉,22.66776488,121.5115434,無,null,null,無,無,img/map_img/72.jpg,null
大白沙,東部地區,臺東縣,951臺東縣綠島鄉,22.63848472,121.4906913,是綠島三大潛水區之一，以珊瑚及貝殼碎屑堆積成的白色沙灘聞名。這裡也是潛水愛好者的天堂，雖然此處海流較強但卻擁有世界級的軟珊瑚景觀，潛水者可以在此看到一整片炫麗的珊瑚海。,4.8,136,1.透明的海水和白色沙灘很適合浮潛和拍照。\n2.旅程讓人感到無比放鬆自由自在。\n3.大片的白色沙灘讓人有很多拍照的機會。,https://www.google.com/search?q=%E7%B6%A0%E5%B3%B6%E5%A4%A7%E7%99%BD%E6%B2%99%0D%0A&ei=iePRZOedEp7i1e8PpJGCiA8&ved=0ahUKEwinhrexusyAAxUecfUHHaSIAPEQ4dUDCBA&uact=5&oq=%E7%B6%A0%E5%B3%B6%E5%A4%A7%E7%99%BD%E6%B2%99%0D%0A&gs_lp=Egxnd3Mtd2l6LXNlcnAiEOe2oOWztuWkp-eZveaymQoyChAAGEcY1gQYsAMyChAAGEcY1gQYsAMyChAAGEcY1gQYsAMyChAAGEcY1gQYsAMyChAAGEcY1gQYsAMyChAAGEcY1gQYsAMyChAAGEcY1gQYsAMyChAAGEcY1gQYsAMyChAAGEcY1gQYsAMyChAAGEcY1gQYsANIwAhQ0QJY0QJwAXgBkAEAmAEAoAEAqgEAuAEDyAEA-AEC-AEB4gMEGAAgQYgGAZAGCg&sclient=gws-wiz-serp#lrd=0x346f8d208870e7c9:0x7862f3990e9ee999，1，，，，,img/map_img/73.jpg,4
獨立礁,東部地區,臺東縣,951臺東縣綠島鄉,22.63856394,121.4921719,獨立礁位於大白沙步道外海的突出礁石，此區域有四座獨立礁石。礁石上佈滿許多海扇和亮麗的珊瑚，在較淺的礁石區還可觀看到海葵和油彩辣模蝦。,null,null,1.位於大白沙步道外海的突出礁石，此處共有四座獨立礁石，深度從18米~31米，依序越來越深，屬於強流區。\n2.隨處可見大片的軟珊瑚海，形成壯觀的美景，請潛水客們保持良好的中性浮力，避免碰觸到。\n3.建議方式-船潛。,https://www.happydive.tw/divesite.html,img/map_img/74.jpg,null
教堂,東部地區,臺東縣,951臺東縣綠島鄉,22.63933631,121.4921719,位於馬蹄僑外海，是長時間海浪侵蝕黑色火山岩，而形成似教堂尖聳的屋頂的礁石而得名。當陽光灑落在教堂的洞時會猶如聖光的感覺，加上周圍海浪拍打的聲音，真的非常的震撼。,null,null,1.是由黑色的火山岩塊經過長時間的海浪侵蝕而成。\n2.峭壁內、外周圍亦有許多的珊瑚、魚類居住在此處。\n3.峭壁岩石面和珊瑚礁岩互相交疊，因而形成尖頂拱門撞，加上岩石頂部的隙縫，光線直射而下，形成漂亮的耶穌光。,https://www.happydive.tw/divesite.html,img/map_img/75.jpg,null
鋼鐵礁,東部地區,臺東縣,951臺東縣綠島鄉,22.63917788,121.4912706,位於綠島西南面在大白沙與龜灣的海域中間，是漁業署投放的人工魚礁。此處總共有四座鋼鐵礁，也因為鋼鐵礁的關係周邊魚兒數量增加了七、八成，已經有超過百種魚類，海底資源豐富。,null,null,1.鋼鐵礁位於龜灣及大白沙海域中間，馬蹄橋外由鋼鐵打造之人工魚礁。\n2.由四座三層品字型的鋼鐵組成，最靠近水面第一層礁頂約20米，中間第二層約25米，最底下一層大約位在30米的沙床底部。\n3.終年受惠於黑潮經過，因此這個潛點擁有溫暖水溫、豐富生態以及高能見度。,https://www.potatomedia.co/post/dfc137f9-92b7-44b8-9a54-5b9ef2edbb3c,img/map_img/76.jpg,null
馬蹄橋,東部地區,臺東縣,951臺東縣綠島鄉,22.63974708,121.4915663,馬蹄橋位於綠島的西南海岸，近岸區散佈礁石，淺海區域則有洞穴和拱門等。潛水者可以看到許多熱帶魚穿梭在其中，不僅如此還有許多珊瑚礁覆蓋於礁石上。,null,null,1.馬蹄橋下方的海洋地質景觀，主要是以黑火山岩形成的海蝕地形。\n2.珊瑚礁群在長時間的海水侵蝕下，沖蝕出拱門型的峭壁面，當陽光從岩頂上的細縫照射進岩穴中，宛如聖光般的獨特景色。\n3.適合有經驗的進階潛水客。,https://greenislandzine.com/c005/#lwptoc4,img/map_img/77.jpg,null
龜灣鼻,東部地區,臺東縣,951臺東縣綠島鄉,22.64659007,121.472954,龜灣是一處由兩個沿岸流交會的潛點，一道由石朗從北到南的海流，另一道是從烏鬼洞由東向西的海流到達龜灣後，兩道海流匯流到黑潮主流，此處最大的特色在於各式珊瑚完整且數量極多，並且此處經常有海龜出沒。,null,null,1.龜灣是一處由兩個沿岸流交會的潛點，一道由石朗從北到南的海流，另一道是從烏鬼洞由東向西的海流到達龜灣。\n2.水深約15到30米之間。\n3.此處最大的特色在大面積的白蘆莖珊瑚群聚，各式珊瑚完整且數量眾多，海龜在此處經常發現。,http://dive.com.tw/greenisland/d_kueiwan.aspx?site_id=26,img/map_img/78.jpg,null
雞仔礁,東部地區,臺東縣,951臺東縣綠島鄉,22.64296427,121.48178,位於龜灣和馬蹄橋之間的外海，因遠望過去像雞頭的外型而稱為雞仔礁。此區域因海流較強有較多洄游魚類且海扇密集度也高，不時可以看到豆丁海馬在此穿梭，這裡也是潛水客必訪景點。,null,null,1.雞仔礁是由一個超大型的珊瑚礁盤所構成。\n2.因為地形變化太大，海流相當強勁，許多大型洄游性魚類都在此聚集覓食。\n3.在這個潛點潛水必須有周詳的潛水計畫，必須由熟悉地形的潛導帶領才可避免不必要的危險狀況產生。,http://dive.com.tw/greenisland/d_chick.aspx?site_id=7,img/map_img/79.jpg,null
海底郵筒,東部地區,臺東縣,951臺東縣綠島鄉漁港路,22.65517826,121.4731667,海底郵筒位於離海岸約150米、水下6米左右的海底，除了水肺潛水外，也有頭盔潛水的下水方式可以選擇，推薦潛友在杭灣潛水探索海洋世界時，也順便體驗在海中寄出明信片，自我挑戰之餘還可以傳遞心意給家人或好友。,4.6,147,1.假日非常熱鬧，但非假日去不容易排隊。\n2.海底世界真的很漂亮，潛水是一個人生中解鎖的第一次體驗。\n3.綠島的海馬郵筒是一個必去的打卡景點，令人留連忘返。,https://www.google.com/search?q=%E7%B6%A0%E5%B3%B6%E6%B5%B7%E5%BA%95%E9%83%B5%E7%AD%92%0D%0A&ei=lOXRZOXGNMOM-QbW45mABQ&ved=0ahUKEwjl4IqrvMyAAxVDRt4KHdZxBlAQ4dUDCBA&uact=5&oq=%E7%B6%A0%E5%B3%B6%E6%B5%B7%E5%BA%95%E9%83%B5%E7%AD%92%0D%0A&gs_lp=Egxnd3Mtd2l6LXNlcnAiE-e2oOWztua1t-W6lemDteetkgoyCBAAGIAEGLADSOkPULMLWLMLcAJ4AJABAJgBAKABAKoBALgBA8gBAPgBAvgBAeIDBBgBIEGIBgGQBgE&sclient=gws-wiz-serp#lrd=0x346e03b53cb63147:0x3ac9e1cfad7a458d，1，，，，,img/map_img/80.jpg,null
破沉箱,東部地區,臺東縣,951臺東縣綠島鄉,22.65657072,121.4737977,沉箱是水下工程的手法，是混凝土大型立方體，可用於橋墩、大壩等水下作業。在綠島的亞特蘭提斯潛點，沉箱環繞四周，被珊瑚與生物覆蓋，適合自由潛水新手，但水肺潛水員需注意控制深度和呼吸。,null,null,1.這裡的深度大約3-8米，很適合自由潛水新手。\n2.沉箱其實是一種水下工程的手法，是一個混凝土大型立方體，裡面是中空。\n3.這個潛點可以看到破碎的立方體環繞四周。,https://shan2020.pixnet.net/blog/post/37898203,img/map_img/81.jpg,null
大香菇,東部地區,臺東縣,951臺東縣綠島鄉,22.65527516,121.4718768,大香菇其實是團塊微孔珊瑚，已經在綠島屹立超過一千年了！在這個珊瑚群裡居住了許多魚類，有蝴蝶魚、海葵魚、刺尾鯛等，潛水者可以在這裡享受被魚群包圍的感覺。,null,null,1.曾經是全世界最大的微孔珊瑚礁。\n2.在2016的一場颱風-莫蘭蒂，大香菇就這樣倒塌了。\n3.大香菇屬於中級潛點。,https://www.oceaniangreenisland.com/%E5%A4%A7%E9%A6%99%E8%8F%87/,img/map_img/82.jpg,null
海底十字架,東部地區,臺東縣,951臺東縣綠島鄉,22.65604358,121.4723239,十字架在海底約7米深左右，若要到最下面沙地的話，深度大約15米左右，十字架讓人有約定，心心相映的氛圍，是個非常浪漫的潛點，也很適合初學者來玩。,null,null,無,無,img/map_img/83.jpg,null
小丑島,東部地區,臺東縣,951臺東縣綠島鄉,22.65666641,121.4738139,小丑島之所以叫小丑島，是因為此島為世界上小丑魚密度最高的地方。最美的是此區域為沙地，潛水者可以在躺在沙地上欣賞小丑魚的身影，有時還會看到牛港?和蘇眉魚的身影。,null,null,1.下潛15米處，潔白底砂間隔幾座大小佈滿軟珊礁石。\n2.水清完全無流狀態。\n3.像極了在一個超大型水族箱裏。,https://shie6262.pixnet.net/blog/post/231356569-%E5%8F%B0%E7%81%A3%E4%B8%96%E7%95%8C%E7%B4%9A%E7%9A%84%E6%BD%9B%E9%BB%9E~%E7%B6%A0%E5%B3%B6,img/map_img/84.jpg,null
後花園,東部地區,臺東縣,951臺東縣綠島鄉,22.65455526,121.4722625,無,null,null,無,無,img/map_img/85.jpg,null
六米礁,東部地區,臺東縣,951臺東縣綠島鄉,22.65353086,121.4720975,因礁體頂端距離水面六米而得此名「六米礁」，平台上有多種魚類，像是雀鯛、金花鱸、鰈魚等，有時運氣好甚至能預見大型洄游生物，鯨鯊也曾在此出現過。,null,null,1.平臺上滿滿都是金花鱸與各種隆頭魚。\n2.要注意六米礁的沿岸流相當強勁，最好選擇船潛的方式比較妥當。\n3.流強水深，一定要請潛導作潛水計畫與報告。,http://dive.com.tw/greenisland/d_sixmeter.aspx?site_id=5,img/map_img/86.jpg,null
斜坡花園,東部地區,臺東縣,951臺東縣綠島鄉,22.65390263,121.4719053,無,null,null,無,無,img/map_img/87.jpg,null
機場外礁,東部地區,臺東縣,952臺東縣蘭嶼鄉,22.01952055,121.5334349,位於蘭嶼機場西側外海，矗立在三十米深的海底。因此地受北流的黑潮影響，生態相當豐富，佈滿了許多軟珊瑚並且有許多洄游性魚類聚集，也因為其色彩繽紛的景色成為了水攝朋友們的最愛。,null,null,1.在機場外的海域，有一座突出海面的三角形礁岩，這裡就是機場外礁。\n2.外礁長得像一根竹筍，生態豐富，常有迴游性魚經過。\n3.飛魚季期間禁止在這潛水。,https://msocean.com.tw/archives/4048,img/map_img/88.jpg,null
八代灣沉船,東部地區,臺東縣,952臺東縣蘭嶼鄉,22.01685864,121.5490159,八代灣沉船是個世界級的潛點，是一艘超大型、而且形體完整的貨輪！船身長滿軟珊瑚和大海扇，各種魚群穿梭其中，是難得一見且非常有特色的潛點。,null,null,1.世界級的潛點。\n2.八代灣沈船算是高級潛點，容易浪大、流強、深度最深處大約36米。\n3.現在的船體仍然相當完整、有很多區域可以探索，現在成為一個大型生態系，是很多珊瑚及水下生物的家。,https://jjphoto.tw/taiwan-lanyu-badaiwan-ship/,img/map_img/89.jpg,null
蘭恩,東部地區,臺東縣,952臺東縣蘭嶼鄉,22.02420856,121.5388245,位於蘭嶼西側的蘭恩文化基金會前方，順著停車場外下走，有一大塊被礁岩包圍的海域，水深約7至9米，岩石中間水深約5米處有一個小拱門，豐富的地行使的這裡成為大受歡迎的拍照打卡景點。,null,null,1.蘭恩也是蘭嶼熱門的浮潛熱點。\n2.水深約7至9米，岩石中間水深約5米處有一個小拱門。\n3.在潛點一旁正好就是飛機跑道，還有機會在海上欣賞飛機降落的英姿喔。,https://www.klook.com/zh-TW/blog/diving-lanyu-taitung/,img/map_img/90.jpg,null
漁人舊部落港灣,東部地區,臺東縣,952臺東縣蘭嶼鄉,22.02558206,121.5426642,漁人舊部落港灣是當地小孩的戲水區，是當地小孩的戲水區，往外游可以進入十多米深的海域，也是當地人常下水抓魚的地區。,null,null,1.在漂流木餐廳底下的漁人部落港灣，是當地小孩的戲水區。\n2.可以進入10多米的海域。\n3.唯一要注意的是，港灣斜坡濕滑，不要滑倒了。,https://www.google.com/maps/d/viewer?mid=1LPrI2CIL1s4D1Ck8k6KAE4MtxdXUxf27&hl=en_US&ll=22.02557500000001%2C121.54265199999999&z=12,img/map_img/91.jpg,null
椰油斷層,東部地區,臺東縣,952臺東縣蘭嶼鄉,22.05086756,121.5098466,位於椰油港口約80公尺，從椰油舊部落灘頭外往外二十二米，原來的緩坡地形會變成陡降波，可以明顯看到斷層的存在，這時就到了椰油斷層的起點，且據說斷層最深到百米。,null,null,1.當深度來到22米左右時，原來的緩坡地形會突然變成陡降坡，這裡就是椰油斷層的起點。\n2.當你來到斷層起點時，也代表已經離岸超過百米，小心海流。\n3.若海面上有漁網，請勿下水，以免影響當地抓魚的漁獲。,https://msocean.com.tw/archives/3999,img/map_img/92.jpg,null
開元港藍洞,東部地區,臺東縣,952臺東縣蘭嶼鄉,22.05633311,121.5066294,位於開元港外的青蛙石旁，此潛點曾被評選為值得自由潛水員造訪的潛點。是一個T型隧道，光線明亮且寬廣，是一個非常適合潛水者探險的地方。,4.3,75,1.非常美麗的港口，海水清澈見底。\n2.這裡是進出蘭嶼的港口也是初階潛水的地點。\n3.這裡的潛點有花園鰻魚可以觀賞,https://www.google.com/search?q=%E8%98%AD%E5%B6%BC%E9%96%8B%E5%85%83%E6%B8%AF%E8%97%8D%E6%B4%9E%0D%0A&ei=4-jRZJLfA4ml-Qajn7KICQ&ved=0ahUKEwjS3Mq-v8yAAxWJUt4KHaOPDJEQ4dUDCBA&uact=5&oq=%E8%98%AD%E5%B6%BC%E9%96%8B%E5%85%83%E6%B8%AF%E8%97%8D%E6%B4%9E%0D%0A&gs_lp=Egxnd3Mtd2l6LXNlcnAiFuiYreW2vOmWi-WFg-a4r-iXjea0ngoyChAAGEcY1gQYsAMyChAAGEcY1gQYsAMyChAAGEcY1gQYsAMyChAAGEcY1gQYsAMyChAAGEcY1gQYsAMyChAAGEcY1gQYsAMyChAAGEcY1gQYsAMyChAAGEcY1gQYsAMyChAAGEcY1gQYsAMyChAAGEcY1gQYsANIgQdQ4gJY4gJwAXgBkAEAmAEAoAEAqgEAuAEDyAEA-AEC-AEB4gMEGAAgQYgGAZAGCg&sclient=gws-wiz-serp#lrd=0x34700ee3e0e8937d:0x677e3aba53515481，1，，，，,img/map_img/93.jpg,1
椰油浮潛區,東部地區,臺東縣,952臺東縣蘭嶼鄉,22.0776057,121.5031239,椰油浮潛區位於蘭嶼西側，因其地理位置而形成了天然的避風港，非常適合東北季風強勁的時節。潛水者一下水就可以看到珊瑚和小丑魚等，天氣好的時候魚的種類會更加豐富。,null,null,1.如果是東北季風未減弱的時節來的話，椰油浮潛區是個不錯的潛點選擇，可說是一處天然避風港。\n2.深度約10米，一下水就可以看到珊瑚及小丑魚。\n3.注意事項：切勿游出凹岸的右方，該處為激流區。,https://www.welcometw.com/%E8%98%AD%E5%B6%BC%E6%BD%9B%E9%BB%9E%E6%8E%A8%E8%96%A6%EF%BD%9C%E8%98%AD%E5%B6%BC%E6%B0%B4%E4%B8%8A%E6%B4%BB%E5%8B%95%E6%B5%AE%E6%BD%9B%E3%80%81%E6%B7%B1%E6%BD%9B%E3%80%81%E6%BD%9B%E6%B0%B4/#2_%E6%A4%B0%E6%B2%B9%E6%B5%AE%E6%BD%9B%E5%8D%80%EF%BC%88%E6%B4%9E%E5%8F%A3%EF%BC%89,img/map_img/94.jpg,null
玉女岩,東部地區,臺東縣,952臺東縣蘭嶼鄉,22.08207818,121.517715,位於蘭嶼北面，此海域能見度佳。下水後便可以看到一片美麗的硬珊瑚礁群，礁岩底下還生長了許許多多的烸扇，魚群聚集在此覓食，運氣好時甚至可以目擊數量稀少的大型隆頭鸚哥魚。,null,null,1.位在蘭嶼北面的玉女岩旁，有一處容易上下岸的海岸，是水肺體驗潛水的熱門潛點。\n2.玉女岩外礁就是外面露出海面上的那塊礁岩，礁底有一個貫通礁岩的海底洞穴，深15米，長約25米。\n3.入口陰暗，但洞內寬敞，是個頗具挑戰性的洞穴。,https://msocean.com.tw/archives/3999,img/map_img/95.jpg,1
朗島秘境,東部地區,臺東縣,952臺東縣蘭嶼鄉,22.08133686,121.5225239,非常好找的一個潛點，就在朗島教會斜對面。此潛點水質清澈且夠深，所以不只是潛水的天堂也是跳水的天堂，最特別的是此處是唯一條天然海蝕溝侵蝕而成的戲水池，非常的壯觀。,4.6,593,1.水質清澈。\n2.免費消暑的好地點。\n3.安全、安心、漂亮的浮潛去處。,https://www.google.com/search?q=%E6%9C%97%E5%B3%B6%E7%A7%98%E5%A2%83%0D%0A&ei=zfDRZIzoDJXa-Qa797-ABw&ved=0ahUKEwjMgt2Ex8yAAxUVbd4KHbv7D3AQ4dUDCBA&uact=5&oq=%E6%9C%97%E5%B3%B6%E7%A7%98%E5%A2%83%0D%0A&gs_lp=Egxnd3Mtd2l6LXNlcnAiDeacl-WztuenmOWigwpI_AdQugNYugNwAXgBkAEAmAEAoAEAqgEAuAEDyAEA-AEB-AECqAIA4gMEGAAgQYgGAQ&sclient=gws-wiz-serp#lrd=0x34700f477edc2e55:0xee5579974a397386，1，，，，,img/map_img/96.jpg,1
母雞岩外礁,東部地區,臺東縣,952臺東縣蘭嶼鄉,22.0830151,121.5587245,是蘭嶼著名的浮淺地點，夏天是此處的旺季。此海域珊瑚覆蓋率非常高是發達的珊瑚礁地形，礁上遍布珊瑚和熱帶魚，潛水者若要來此建議可找當地的潛導，因為此處較難尋找。,null,null,1.從母雞岩浮潛區下水，往10-11點鐘方向踢大約200多公尺，可以看到在海底的母雞岩外礁，一大一小並排。\n2.礁頂2-3米、礁底21米，兩顆礁岩間的裂縫深約18米。\n3.有大量金花鱸居住。,https://msocean.com.tw/archives/4048,img/map_img/97.jpg,null
雙獅岩,東部地區,臺東縣,952臺東縣蘭嶼鄉,22.08515017,121.5672812,雙獅岩位於東北角，其形成原因是火山活動中噴出熔岩冷卻而成，形狀似公獅和母獅對望而得此名。此處海域較適合夏季來訪但流向較亂偶爾有強流來襲，需要特別小心。,4.6,505,1.有趣的獅子和蟾蜍形狀，搭配海景和天空拍起來蠻氣派的。\n2.夜景全島最美，銀河超清晰，比氣象站還適合看星星。\n3.附近潛水點很美。,https://www.google.com/search?q=%E9%9B%99%E7%8D%85%E5%B2%A9%0D%0A&ei=XPHRZLf4I6HUhwP1prewAw&ved=0ahUKEwi3lozJx8yAAxUh6mEKHXXTDTYQ4dUDCBA&uact=5&oq=%E9%9B%99%E7%8D%85%E5%B2%A9%0D%0A&gs_lp=Egxnd3Mtd2l6LXNlcnAiCumbmeeNheWyqQpIAFAAWABwAHgBkAEAmAEAoAEAqgEAuAEDyAEA-AEC-AEB4gMEGAAgQQ&sclient=gws-wiz-serp#lrd=0x3470089a4101b4d5:0x8db99cf6b76e0925，1，，，，,img/map_img/98.jpg,null
雙獅天井,東部地區,臺東縣,952臺東縣蘭嶼鄉,22.08585084,121.5683082,此地是藏在雙獅岩的兩獅之間，來天井最合適的時間是中午，當陽光從天井灑落時真的相當壯觀。當潛水者下潛到大約十六米時，還能隱隱約約看到住在洞穴魚群的影子。,null,null,1.鑽天井不算難，只是你必須潛到13米處，然後鼓起勇氣往看不見出口的幽暗洞內前進。\n2.天井沒有其他出口，必須原路折返回外頭。\n3.要看到天井天使光要選對時間，大約在早上10點到中午1點間，是陽光較可能射入洞內的時間。,https://msocean.com.tw/archives/4048,img/map_img/99.jpg,null
東清七號地小涼亭,東部地區,臺東縣,952臺東縣蘭嶼鄉,22.07499159,121.5682765,在東清村北側小涼亭前的內凹海灣，是一處適合夏季浮潛與自潛教學的海域，深度可達十多米，流速不強，如果覺得母雞岩人太多，那麼多騎十分鐘車程，就可以到這個較幽靜的潛點。,null,null,1.是一處適合夏季浮潛與自潛教學的海域。\n2.深度可到10多米，流不強。\n3.海邊礁岩銳利，上下岸小心。,https://msocean.com.tw/archives/3999,img/map_img/100.jpg,null
情人洞,東部地區,臺東縣,952臺東縣蘭嶼鄉,22.06187418,121.5733371,情人洞是受海浪侵蝕而成的天然海蝕洞。其底下的海域風景壯觀，兩側垂直的峭壁深入海底，讓潛水者彷彿身在峽谷中，但因此潛點非常隱密，所以也比較少人造訪。,4.6,937,1.浪漫的旅遊景點，適合拍照看夕陽。\n2.有一道彩虹掛在天邊。\n3.旁邊還有一個洞可以進去探險，但要注意裡面很黑。,https://www.google.com/search?q=%E6%83%85%E4%BA%BA%E6%B4%9E%0D%0A&ei=-fHRZOniJrSn1e8PjbSGoAo&ved=0ahUKEwipw_2TyMyAAxW0U_UHHQ2aAaQQ4dUDCBA&uact=5&oq=%E6%83%85%E4%BA%BA%E6%B4%9E%0D%0A&gs_lp=Egxnd3Mtd2l6LXNlcnAiCuaDheS6uua0ngpIAFAAWABwAHgAkAEAmAEAoAEAqgEAuAEDyAEA-AEC-AEB4gMEGAAgQQ&sclient=gws-wiz-serp#lrd=0x347008f0f8b22941:0x35b881e969c41834，1，，，，,img/map_img/101.jpg,2
核廢料儲存場潮池,東部地區,臺東縣,952臺東縣蘭嶼鄉,22.00761347,121.5945829,在核廢料儲存場外有兩個小潮池，在退潮時會與外面的海水隔開，同時也是一個熱門浮潛點，雖然只是個看似不起眼的潮池，但是裡面的生態卻不可小覷，此外，池底六米深處還有洞穴相連，是一個適合親子的潛點。,null,null,1.這裏有兩個池，還有很多海洋生物！\n2.有蝶魚、條紋雀鯛和超多彩色鸚哥魚，還有一整窩的小丑魚家族。\n3.在這裡，戴上潛水面鏡，往海裡看，盡是色彩繽紛的魚類和珊瑚，超美的可以尋寶很久！,https://ashortyexplores.com/zh/%E8%98%AD%E5%B6%BC%E6%B5%AE%E6%BD%9B%E8%98%AD%E5%B6%BC%E7%A7%98%E5%A2%83%E6%8E%A8%E8%96%A6/#1,img/map_img/102.jpg,null
龍門港小香菇,東部地區,臺東縣,952臺東縣蘭嶼鄉,22.00428895,121.5811297,位在龍門港附近的一個潛點，從龍門港往外游就可以看到小香菇的身影，這裡的地形以沙地和大型礁石為主且魚群和珊瑚十分的豐富，因此也是許多釣客喜愛的地方。,null,null,1.龍門港外是一處有白沙又有珊瑚礁岩的美麗潛點，從港口內可以輕易下水。\n2.出港口時往1點鐘方向游，不遠處有一個暱稱為「蘭嶼小香菇」的珊瑚礁。\n3.礁頂8米，礁底13米，縫底躲著不少魚。,https://msocean.com.tw/archives/3999,img/map_img/103.jpg,1
