店家名,店家名(英),地址,連結,營業時間(起),營業時間(迄),交通建議,地區,縣市,緯度,經度,星級,評論數量,AI評論,評論連結,預覽圖路徑
迪卡儂 雲林店,Decathlon Yunlin Store,640雲林縣斗六市雲林路二段297號,https://decathlon.tw/store/taiwan_yunlin_store,10:00,22:00,一、火車：搭至<斗六火車站>，步行約21分鐘※亦可轉乘公車：101、7124A、7124B 至<慈濟門診中心>站二、公車：700、7124A、7214、101 、7700、7124 至<慈濟門診中心>站,中部地區,雲林縣,23.70621086,120.5171477,4.3,602,1.店員細心講解。\n2.商品多樣化。\n3.購物環境好。,"https://www.google.com/search?q=%E8%BF%AA%E5%8D%A1%E5%84%82+%E9%9B%B2%E6%9E%97%E5%BA%97&oq=%E8%BF%AA%E5%8D%A1%E5%84%82+%E9%9B%B2%E6%9E%97%E5%BA%97&aqs=chrome.0.0i355i512j46i175i199i512j0i5i30l3j69i60.781j0j7&sourceid=chrome&ie=UTF-8#lrd=0x346ec9e7ebe669d1:0x403c694fea84a691,1,,,,",img/shop_img/1.jpg
迪卡儂 嘉義店,Decathlon Ciayi Store,600嘉義市西區博愛路二段461號,https://decathlon.tw/store/taiwan_chiayi_store,10:00,22:00,火車：搭至<嘉義站>，於後站出口步行約18分鐘沿博愛路往南，於興業西路與博愛路交叉口即可抵達,南部地區,嘉義市,23.47140394,120.4323684,4.3,1828,1.嘉義店小而完善。\n2.工作人員熱情且專業。\n3.品項很多物價不貴，運動用品入門款。,"https://www.google.com/search?q=%E8%BF%AA%E5%8D%A1%E5%84%82+%E5%98%89%E7%BE%A9%E5%BA%97%0D%0A&ei=pkPUZJC0CZrh-Aa2naRY&ved=0ahUKEwiQn_ip_tCAAxWaMN4KHbYOCQsQ4dUDCA8&uact=5&oq=%E8%BF%AA%E5%8D%A1%E5%84%82+%E5%98%89%E7%BE%A9%E5%BA%97%0D%0A&gs_lp=Egxnd3Mtd2l6LXNlcnAiFOi_quWNoeWEgiDlmInnvqnlupcKSABQAFgAcAB4AZABAJgBAKABAKoBALgBA8gBAPgBAvgBAeIDBBgAIEE&sclient=gws-wiz-serp#lrd=0x346e969f1fe6a369:0x8a6d683ec9f856bd,1,,,,",img/shop_img/2.jpg
全球技術潛水(嘉義店),null,600嘉義市西區姜安街9號,https://juniorscuba.com.tw/,08:00,21:00,火車：搭往嘉義火車站 →7326公車至森松公司站→步行→到達目的地,南部地區,嘉義市,23.48774996,120.4238838,5,11,1.浩然教練提供細心的教學和解說。\n2.他讓不會游泳的人也能自由自在地潛水。\n3.浩然教練具有耐心和溝通能力，讓學習更有效率。,"https://www.google.com/search?q=%E5%85%A8%E7%90%83%E6%8A%80%E8%A1%93%E6%BD%9B%E6%B0%B4%EF%BC%88%E5%98%89%E7%BE%A9%E5%BA%97%EF%BC%89%0D%0A&ei=TUTUZMDsHNDg-Aa7yKCYCA&ved=0ahUKEwiAx9z5_tCAAxVQMN4KHTskCIMQ4dUDCA8&uact=5&oq=%E5%85%A8%E7%90%83%E6%8A%80%E8%A1%93%E6%BD%9B%E6%B0%B4%EF%BC%88%E5%98%89%E7%BE%A9%E5%BA%97%EF%BC%89%0D%0A&gs_lp=Egxnd3Mtd2l6LXNlcnAiIuWFqOeQg-aKgOihk-a9m-awtO-8iOWYiee-qeW6l--8iQpI8QpQyARYyARwAXgBkAEAmAEAoAEAqgEAuAEDyAEA-AEB-AECqAIA4gMEGAAgQYgGAQ&sclient=gws-wiz-serp#lrd=0x346e97efa2f084e9:0xca7ee533e081c6fe,1,,,,",img/shop_img/3.jpg
UFO悠浮潛水,UFO diving club,600340嘉義市東區彌陀路238巷98弄82號,https://www.facebook.com/profile.php?id=100054652230183,13:00,21:00,火車：搭往嘉義火車站 →中山幹線(綠A線)至體育館站→步行→到達目的地,南部地區,嘉義市,23.48182621,120.476439,4.7,7,1.教學品質有保障，學員含括士、農、工、商，相處愉快沒有壓力。\n2.安全非常有保障，隨行有資深的潛水。\n3.提供適當的教學方式，訓練有序進階，物有所值。,"https://www.google.com/search?q=UFO%E6%82%A0%E6%B5%AE%E6%BD%9B%E6%B0%B4%0D%0A&ei=kkbUZIGNJdqzoATAl5XACQ&ved=0ahUKEwiBnuqOgdGAAxXaGYgKHcBLBZgQ4dUDCA8&uact=5&oq=UFO%E6%82%A0%E6%B5%AE%E6%BD%9B%E6%B0%B4%0D%0A&gs_lp=Egxnd3Mtd2l6LXNlcnAiEFVGT-aCoOa1rua9m-awtApI3wtQwAZYwAZwAXgBkAEAmAEAoAEAqgEAuAEDyAEA-AEB-AECqAIA4gMEGAAgQYgGAQ&sclient=gws-wiz-serp#lrd=0x346e95b80945a04b:0x7e64f1cd8d5666ff,1,,,,",img/shop_img/4.jpg
迪卡儂 台南仁德店,Decathlon Rende Store,717臺南市仁德區中山路799號,https://decathlon.tw/store/taiwan_rende_store,10:00,22:00,一、台鐵<台南站>(1)於前站轉乘公車：紅幹線，至<仁德交流道>下車，步行2分鐘(2)轉乘計程車約需20~25分鐘二、高鐵<台南站>(1)轉乘公車：H62高鐵快捷公車，至<仁德交流道>下車，步行6分鐘(2)轉乘計程車約需15~20分鐘,南部地區,臺南市,23.00154159,120.2750494,4.4,5284,1.運動設備挺多的。\n2.服務人員知道商品位子。\n3.自助結帳順暢。,"https://www.google.com/search?q=%E8%BF%AA%E5%8D%A1%E5%84%82+%E5%8F%B0%E5%8D%97%E4%BB%81%E5%BE%B7%E5%BA%97%0D%0A&ei=I0fUZNDeJ_7K1e8PssiEiAM&ved=0ahUKEwiQ_P7TgdGAAxV-ZfUHHTIkATEQ4dUDCA8&uact=5&oq=%E8%BF%AA%E5%8D%A1%E5%84%82+%E5%8F%B0%E5%8D%97%E4%BB%81%E5%BE%B7%E5%BA%97%0D%0A&gs_lp=Egxnd3Mtd2l6LXNlcnAiGui_quWNoeWEgiDlj7DljZfku4HlvrflupcKSOYLUIsGWIsGcAJ4AJABAJgBAKABAKoBALgBA8gBAPgBAfgBAqgCAOIDBBgAIEGIBgE&sclient=gws-wiz-serp#lrd=0x346e76a98e333885:0xd65e9f220b87e425,1,,,,",img/shop_img/5.jpg
裝備租客,Equipment tenant,708臺南市安平區育平七街80巷27號,https://www.equipment.tw/,12:00,21:00,火車：搭往台南車站 →步行→香格里拉飯店→搭乘70右公車至南台別院→轉搭19號公車至平豐路口站→步行→到達目的地,南部地區,臺南市,22.99804404,120.1790377,5,853,1.規則清楚明瞭，服務人員親切又nice。\n2.裝備品質很好。\n3.租借流程方便快捷。,"https://www.google.com/search?q=%E8%A3%9D%E5%82%99%E7%A7%9F%E5%AE%A2%0D%0A&ei=pkfUZN6qKob-hwPU2rWwBA&ved=0ahUKEwjelb2SgtGAAxUG_2EKHVRtDUYQ4dUDCA8&uact=5&oq=%E8%A3%9D%E5%82%99%E7%A7%9F%E5%AE%A2%0D%0A&gs_lp=Egxnd3Mtd2l6LXNlcnAiDeijneWCmeenn-WuogpIiQtQjgVYjgVwAXgBkAEAmAEAoAEAqgEAuAEDyAEA-AEB-AECqAIA4gMEGAAgQYgGAQ&sclient=gws-wiz-serp#lrd=0x346e777656dfc307:0x9636e5e2f37896d9,1,,,,",img/shop_img/6.jpg
水盈寶潛水器材企業行,ShuiYingBaoQianShuiQiCaiQiYe,709臺南市安南區安和路二段300巷26號之1號,https://www.facebook.com/ShuiYingBaoQianShuiQiCaiQiYe/,08:00,18:00,火車：搭往台南車站 →步行→台南醫院→搭乘藍幹線至政安路口→步行→到達目的地,南部地區,臺南市,23.04617412,120.2417387,4.5,20,1.專業的服務。\n2.老闆娘很認真的聽客人的反應。\n3.價格也很實惠。,"https://www.google.com/search?q=%E6%B0%B4%E7%9B%88%E5%AF%B6%E6%BD%9B%E6%B0%B4%E5%99%A8%E6%9D%90%E4%BC%81%E6%A5%AD%E8%A1%8C%0D%0A&ei=XUjUZODIL4_F1e8Pm4CSgA0&ved=0ahUKEwig6-PpgtGAAxWPYvUHHRuABNAQ4dUDCA8&uact=5&oq=%E6%B0%B4%E7%9B%88%E5%AF%B6%E6%BD%9B%E6%B0%B4%E5%99%A8%E6%9D%90%E4%BC%81%E6%A5%AD%E8%A1%8C%0D%0A&gs_lp=Egxnd3Mtd2l6LXNlcnAiH-awtOebiOWvtua9m-awtOWZqOadkOS8gealreihjApI_QhQqwRYqwRwAXgBkAEAmAEAoAEAqgEAuAEDyAEA-AEB-AECqAIA4gMEGAAgQYgGAQ&sclient=gws-wiz-serp#lrd=0x346e770bd520765f:0x31e69a453294b1b1,1,,,,",img/shop_img/7.jpg
銀色快手台南潛水中心,null,710臺南市永康區永勝街35號,https://silverfaster.weebly.com/32879320972510520497--contact.html,10:00,22:00,火車：搭往永康車站 →步行→永康火車站→搭乘紅10公車至永康農會→步行→到達目的地,南部地區,臺南市,23.02136377,120.2697362,5,6,1.老闆很用心人很好。\n2.潛水客好地方！\n3.老闆很熱情。,"https://www.google.com/search?q=%E9%8A%80%E8%89%B2%E5%BF%AB%E6%89%8B%E5%8F%B0%E5%8D%97%E6%BD%9B%E6%B0%B4%E4%B8%AD%E5%BF%83%0D%0A&ei=1EjUZITPHqPX1e8PsoOu4A8&ved=0ahUKEwiEibKig9GAAxWja_UHHbKBC_wQ4dUDCA8&uact=5&oq=%E9%8A%80%E8%89%B2%E5%BF%AB%E6%89%8B%E5%8F%B0%E5%8D%97%E6%BD%9B%E6%B0%B4%E4%B8%AD%E5%BF%83%0D%0A&gs_lp=Egxnd3Mtd2l6LXNlcnAiH-mKgOiJsuW_q-aJi-WPsOWNl-a9m-awtOS4reW_gwpIvgpQwgVYwgVwAngBkAEAmAEAoAEAqgEAuAEDyAEA-AEB-AECqAIA4gMEGAAgQYgGAQ&sclient=gws-wiz-serp#lrd=0x346e71bbbd2e5675:0x64d4061236136606,1,,,,",img/shop_img/8.jpg
水領域潛水中心,null,710臺南市永康區復興路33巷30號,https://www.facebook.com/profile.php?id=100063908958348,12:00,21:30,火車：搭往台南車站 →步行→小東路→搭乘19區間車至建國里→步行→到達目的地,南部地區,臺南市,23.0033517,120.2635564,5,7,1.老闆超級用心。\n2.教練很親切。\n3.方教練專業仔細認真。,"https://www.google.com/search?q=%E6%B0%B4%E9%A0%98%E5%9F%9F%E6%BD%9B%E6%B0%B4%E4%B8%AD%E5%BF%83%0D%0A&ei=I0rUZLLWGs7c-Qbczr6gCQ&ved=0ahUKEwjy84zChNGAAxVObt4KHVynD5QQ4dUDCA8&uact=5&oq=%E6%B0%B4%E9%A0%98%E5%9F%9F%E6%BD%9B%E6%B0%B4%E4%B8%AD%E5%BF%83%0D%0A&gs_lp=Egxnd3Mtd2l6LXNlcnAiFuawtOmgmOWfn-a9m-awtOS4reW_gwpI7gtQxgZYxgZwAngBkAEAmAEAoAEAqgEAuAEDyAEA-AEB-AECqAIA4gMEGAAgQYgGAQ&sclient=gws-wiz-serp#lrd=0x346e76cc97a0f6f5:0x45736fd05019be32,1,,,,",img/shop_img/9.jpg
高手潛水,Kaosur,701臺南市東區東門路二段384號,http://www.kaosur.idv.tw/,12:00,21:30,火車：搭往台南車站 →步行→縣知事官邸→搭乘紅幹線延駛龍崎至富強市場(東門路)→步行→到達目的地,南部地區,臺南市,22.99238558,120.2275702,4.6,16,1.教練細心教學，不強迫推銷。\n2.專業的高教練，很用心。\n3.優質商家。,"https://www.google.com/search?q=%E9%AB%98%E6%89%8B%E6%BD%9B%E6%B0%B4%0D%0A&ei=jkzUZJYWx6mHA5_Fm4gG&ved=0ahUKEwiWlYfphtGAAxXH1GEKHZ_iBmEQ4dUDCA8&uact=5&oq=%E9%AB%98%E6%89%8B%E6%BD%9B%E6%B0%B4%0D%0A&gs_lp=Egxnd3Mtd2l6LXNlcnAiDemrmOaJi-a9m-awtApIjwpQqAVYqAVwAXgBkAEAmAEAoAEAqgEAuAEDyAEA-AEB-AECqAIA4gMEGAAgQYgGAQ&sclient=gws-wiz-serp#lrd=0x346e7698900379ff:0x7cf74cca5450680a,1,,,,",img/shop_img/10.jpg
三木子潛水選品,lilin dive Select,700臺南市中西區忠義路一段40號,https://lilindive.com/,13:00,21:30,火車：搭往台南車站 →步行→香格里拉飯店→搭乘70右至家齊女中→步行→到達目的地,南部地區,臺南市,22.98708873,120.205847,5,71,1.老闆熱心介紹不同手電筒的用途。\n2.店員服務親切。\n3.店內氛圍很喜歡。,"https://www.google.com/search?q=%E4%B8%89%E6%9C%A8%E5%AD%90%E6%BD%9B%E6%B0%B4%E9%81%B8%E5%93%81%0D%0A&ei=A03UZKyXIdLx-QaG3rXoDw&ved=0ahUKEwjspI2hh9GAAxXSeN4KHQZvDf0Q4dUDCA8&uact=5&oq=%E4%B8%89%E6%9C%A8%E5%AD%90%E6%BD%9B%E6%B0%B4%E9%81%B8%E5%93%81%0D%0A&gs_lp=Egxnd3Mtd2l6LXNlcnAiFuS4ieacqOWtkOa9m-awtOmBuOWTgQpIsQtQpwZYpwZwAngBkAEAmAEAoAEAqgEAuAEDyAEA-AEB-AECqAIA4gMEGAAgQYgGAQ&sclient=gws-wiz-serp#lrd=0x346e77e73281c487:0xe5c98519e2a17fa5,1,,,,",img/shop_img/11.jpg
泡泡隆潛水(高雄店),Bubble Bubble Long Diving club,811高雄市楠梓區清豐路78巷1號,https://www.facebook.com/Longdiving,10:00,17:00,火車：搭往楠梓火車站→紅58B公車→楠梓高中→步行→到達目的地,南部地區,高雄市,22.75615813,120.3569756,5,3,1.老闆很細心介紹及推薦合適的潛具，價格還很漂亮。\n2.專業。\n3.優質。,"https://www.google.com/search?q=%E6%B3%A1%E6%B3%A1%E9%9A%86%E6%BD%9B%E6%B0%B4%28%E9%AB%98%E9%9B%84%E5%BA%97%29%0D%0A&ei=Zk3UZOSuDKXL1e8Pnsaa-A4&ved=0ahUKEwjk-ZLQh9GAAxWlZfUHHR6jBu8Q4dUDCA8&uact=5&oq=%E6%B3%A1%E6%B3%A1%E9%9A%86%E6%BD%9B%E6%B0%B4%28%E9%AB%98%E9%9B%84%E5%BA%97%29%0D%0A&gs_lp=Egxnd3Mtd2l6LXNlcnAiG-azoeazoemahua9m-awtCjpq5jpm4TlupcpCkjuCFCwBFiwBHABeACQAQCYAQCgAQCqAQC4AQPIAQD4AQH4AQKoAgDiAwQYACBBiAYB&sclient=gws-wiz-serp#lrd=0x346e0fe15faa4171:0x386c991d112c00a0,1,,,,",img/shop_img/12.jpg
台灣潛水企業有限公司,TAIWAN DIVE CENTER,814高雄市仁武區霞海南一街33號,https://www.twdive.com/,12:00,21:00,捷運：搭往高鐵左營站→搭乘3號公車至榮佑路口→步行→到達目的地,南部地區,高雄市,22.69456589,120.3531076,5,506,1.款式眾多。\n2.設備齊全。\n3.店員服務親切。,"https://www.google.com/search?q=%E5%8F%B0%E7%81%A3%E6%BD%9B%E6%B0%B4%E4%BC%81%E6%A5%AD%E6%9C%89%E9%99%90%E5%85%AC%E5%8F%B8%0D%0A&ei=DU7UZJ76EZqJ-QaJ4acI&ved=0ahUKEwjetOmfiNGAAxWaRN4KHYnwCQEQ4dUDCA8&uact=5&oq=%E5%8F%B0%E7%81%A3%E6%BD%9B%E6%B0%B4%E4%BC%81%E6%A5%AD%E6%9C%89%E9%99%90%E5%85%AC%E5%8F%B8%0D%0A&gs_lp=Egxnd3Mtd2l6LXNlcnAiH-WPsOeBo-a9m-awtOS8gealreaciemZkOWFrOWPuApIxQ1QpQhYpQhwAngAkAEAmAEAoAEAqgEAuAEDyAEA-AEB-AECqAIAwgIIEAAYogQYsAPiAwQYASBBiAYBkAYD&sclient=gws-wiz-serp#lrd=0x346e0593dda6dc55:0x7781634eb5959284,1,,,,",img/shop_img/13.jpg
Aropec潛水衝浪溯溪游泳三鐵戶外運動(高雄店),AROPEC,813高雄市左營區自由二路330號,https://aropec.tw/,12:00,21:00,捷運：搭往巨蛋站→步行→到達目的地,南部地區,高雄市,22.67983665,120.2764832,5,383,1.店員細心介紹並幫忙挑選適合的尺寸。\n2.送了一條運動毛巾作為生日禮物。\n3.店內商品種類齊全，選擇多樣化。,"https://www.google.com/search?q=Aropec%E6%BD%9B%E6%B0%B4%E8%A1%9D%E6%B5%AA%E6%BA%AF%E6%BA%AA%E6%B8%B8%E6%B3%B3%E4%B8%89%E9%90%B5%E6%88%B6%E5%A4%96%E9%81%8B%E5%8B%95%28%E9%AB%98%E9%9B%84%E5%BA%97%29%0D%0A&ei=wk7UZML_ApPh1e8PxbqCsAI&ved=0ahUKEwjC6IH2iNGAAxWTcPUHHUWdACYQ4dUDCA8&uact=5&oq=Aropec%E6%BD%9B%E6%B0%B4%E8%A1%9D%E6%B5%AA%E6%BA%AF%E6%BA%AA%E6%B8%B8%E6%B3%B3%E4%B8%89%E9%90%B5%E6%88%B6%E5%A4%96%E9%81%8B%E5%8B%95%28%E9%AB%98%E9%9B%84%E5%BA%97%29%0D%0A&gs_lp=Egxnd3Mtd2l6LXNlcnAiPEFyb3BlY-a9m-awtOihnea1qua6r-a6qua4uOazs-S4iemQteaItuWklumBi-WLlSjpq5jpm4TlupcpCki8DlCpCVipCXACeAGQAQCYAQCgAQCqAQC4AQPIAQD4AQH4AQKoAgDiAwQYACBBiAYB&sclient=gws-wiz-serp#lrd=0x346e055a05327f33:0xb7edd4d4e5aa9475,1,,,,",img/shop_img/14.jpg
Orange Marine Diving Pro Shop,null,831高雄市大寮區九和路8-2號,https://www.facebook.com/orange.marine.diving/,07:00,22:00,火車：搭往九曲堂車站→步行→到達目的地,南部地區,高雄市,22.65616313,120.4203919,5,1,無,無,img/shop_img/15.jpg
羅浮潛水中心,roverdiving,830高雄市鳳山區立志街152號,https://www.facebook.com/roverdiving,11:00,21:30,火車：搭往鳳山車站→步行→到達目的地,南部地區,高雄市,22.62891352,120.3739374,3.6,5,1.見證台灣潛水發展的ADS。\n2.故事豐富有趣。\n3.經驗豐富的教練。,https://www.google.com/search?q=%E7%BE%85%E6%B5%AE%E6%BD%9B%E6%B0%B4%E4%B8%AD%E5%BF%83%0D%0A&ei=WlDUZP_iCYP5hwPs6IfwAg&ved=0ahUKEwj_9864itGAAxWD_GEKHWz0AS4Q4dUDCA8&uact=5&oq=%E7%BE%85%E6%B5%AE%E6%BD%9B%E6%B0%B4%E4%B8%AD%E5%BF%83%0D%0A&gs_lp=Egxnd3Mtd2l6LXNlcnAiE-e-hea1rua9m-awtOS4reW_gwpIvQhQtQRYtQRwAXgAkAEAmAEAoAEAqgEAuAEDyAEA-AEB-AECqAIA4gMEGAAgQYgGAQ&sclient=gws-wiz-serp#rlimm=4310415834870134329,img/shop_img/16.jpg
多樂潛水,Toro Scuba,807高雄市三民區淵源街1號,https://www.toroscuba.com/,15:00,22:00,開車：走九如一路/縱貫公路/台1線→向左轉進入光武路→向右轉進入淵源街→到達目的地,南部地區,高雄市,22.64259074,120.3371573,4.7,32,1.老闆推薦適合的產品，不只是最貴的進口貨。\n2.售後服務很好，親自送修或協助保養維修。\n3.教練認真重視學員，一對一教學，店狗超可愛。,"https://www.google.com/search?q=%E5%A4%9A%E6%A8%82%E6%BD%9B%E6%B0%B4%0D%0A&ei=yVDUZMPlHr3k1e8Pw9eIyA4&ved=0ahUKEwiD7trtitGAAxU9cvUHHcMrAukQ4dUDCA8&uact=5&oq=%E5%A4%9A%E6%A8%82%E6%BD%9B%E6%B0%B4%0D%0A&gs_lp=Egxnd3Mtd2l6LXNlcnAiDeWkmuaogua9m-awtApIxQpQ1AZY1AZwAngAkAEAmAEAoAEAqgEAuAEDyAEA-AEB-AECqAIA4gMEGAAgQYgGAQ&sclient=gws-wiz-serp#lrd=0x346e049444ad45c9:0x672ff1cac72ff174,1,,,,",img/shop_img/17.jpg
蓬萊潛水,FORMOSA DIVING,802高雄市苓雅區,https://www.facebook.com/divingformosa/,11:30,21:00,火車：搭往科工館車站→步行→到達目的地,南部地區,高雄市,22.63621412,120.3221798,3.9,8,1.不優，面鏡低價高賣。\n2.有專業教練。\n3.不優。,"https://www.google.com/search?q=%E8%93%AC%E8%90%8A%E6%BD%9B%E6%B0%B4%0D%0A&ei=SFHUZI-kMo7_-QaVibbYDg&ved=0ahUKEwiP6LWqi9GAAxWOf94KHZWEDesQ4dUDCA8&uact=5&oq=%E8%93%AC%E8%90%8A%E6%BD%9B%E6%B0%B4%0D%0A&gs_lp=Egxnd3Mtd2l6LXNlcnAiDeiTrOiQiua9m-awtApIAFAAWABwAHgAkAEAmAEAoAEAqgEAuAEDyAEA-AEC-AEB4gMEGAAgQQ&sclient=gws-wiz-serp#lrd=0x346e04c074549b49:0xf69168401fe4993d,1,,,,",img/shop_img/18.jpg
日大潛水RIDA Diving(全台最大潛水用品專賣店),RIDA SCUBA DIVING,800高雄市新興區民生一路164號,https://www.rida-shop.com.tw/,13:00,21:00,捷運：搭乘紅線至美麗島站後步行至目的地,南部地區,高雄市,22.63375796,120.310936,5,1362,1.店長即時來電處理，給予店長的服務滿意。\n2.東西超齊全，店內購物空間寬敞又明亮。\n3.服務親切，態度超好。,"https://www.google.com/search?q=%E6%97%A5%E5%A4%A7%E6%BD%9B%E6%B0%B4RIDA+Diving+%28%E5%85%A8%E5%8F%B0%E6%9C%80%E5%A4%A7%E6%BD%9B%E6%B0%B4%E7%94%A8%E5%93%81%E5%B0%88%E8%B3%A3%E5%BA%97%EF%BC%89%0D%0A&ei=vVPUZKP4Gc_g-Aa8uZiADg&ved=0ahUKEwjjypTWjdGAAxVPMN4KHbwcBuAQ4dUDCA8&uact=5&oq=%E6%97%A5%E5%A4%A7%E6%BD%9B%E6%B0%B4RIDA+Diving+%28%E5%85%A8%E5%8F%B0%E6%9C%80%E5%A4%A7%E6%BD%9B%E6%B0%B4%E7%94%A8%E5%93%81%E5%B0%88%E8%B3%A3%E5%BA%97%EF%BC%89%0D%0A&gs_lp=Egxnd3Mtd2l6LXNlcnAiPuaXpeWkp-a9m-awtFJJREEgRGl2aW5nICjlhajlj7DmnIDlpKfmvZvmsLTnlKjlk4HlsIjos6PlupfvvIkKSPUKUMkEWMkEcAF4AJABAJgBAKABAKoBALgBA8gBAPgBAfgBAqgCAOIDBBgAIEGIBgE&sclient=gws-wiz-serp#lrd=0x346e040a68429509:0xdf405ad01284dcb3,1,,,,",img/shop_img/19.jpg
Scuba YD 專業潛水用品店-旗艦店,Scuba YD,80049高雄市新興區中山一路57號美麗島捷運站2號出口,http://scubayd.com/?fbclid=IwAR3fSq-2oC8r3Vdh7znH1h9z93O2Ic7q_ZZe9fLeZUshjSYYXwxLr-tEauQ,12:00,21:00,捷運：搭乘紅線至美麗島站後步行至目的地,南部地區,高雄市,22.63660986,120.299263,5,339,1.老闆很會介紹。\n2.環境超好，服務品質也超好，都會很親切熱情的介紹適合自己的裝備 。\n3.超級親切的潛水用品店。,"https://www.google.com/search?q=%E9%AB%98%E9%9B%84Scuba+YD+%E5%B0%88%E6%A5%AD%E6%BD%9B%E6%B0%B4%E7%94%A8%E5%93%81%E5%BA%97-%E6%97%97%E8%89%A6%E5%BA%97&ei=6FTUZIquA8H8hwP0t6yYAg&ved=0ahUKEwiKwsfkjtGAAxVB_mEKHfQbCyMQ4dUDCA8&uact=5&oq=%E9%AB%98%E9%9B%84Scuba+YD+%E5%B0%88%E6%A5%AD%E6%BD%9B%E6%B0%B4%E7%94%A8%E5%93%81%E5%BA%97-%E6%97%97%E8%89%A6%E5%BA%97&gs_lp=Egxnd3Mtd2l6LXNlcnAiLumrmOmbhFNjdWJhIFlEIOWwiOalrea9m-awtOeUqOWTgeW6ly3ml5foiablupcyBRAAGKIEMgUQABiiBEjbHFD8D1ieGnABeAGQAQCYAWugAY8FqgEDNS4yuAEDyAEA-AEBwgIKEAAYRxjWBBiwA-IDBBgAIEGIBgGQBgQ&sclient=gws-wiz-serp#lrd=0x346e0366dc996819:0xa071f1f4960f1672,1,,,,",img/shop_img/20.jpg
放火燒潛水裝備Molchanovs Double K Taiwan,Double K Taiwan,801高雄市前金區前金二街101號,https://www.facebook.com/doublek.taiwan/,12:00,22:00,捷運：搭乘紅線至美麗島站→轉乘橘線至市議會站→步行→到達目的地,南部地區,高雄市,22.63280731,120.2893066,5,677,1.店員熱心。\n2.介紹詳細。\n3.裝備齊全。,"https://www.google.com/search?q=%E6%94%BE%E7%81%AB%E7%87%92%E6%BD%9B%E6%B0%B4%E8%A3%9D%E5%82%99Molchanovs+Double+K+Taiwan%0D%0A&ei=_VTUZN-cCoGr-QbTlbCYCQ&ved=0ahUKEwifj9DujtGAAxWBVd4KHdMKDJMQ4dUDCA8&uact=5&oq=%E6%94%BE%E7%81%AB%E7%87%92%E6%BD%9B%E6%B0%B4%E8%A3%9D%E5%82%99Molchanovs+Double+K+Taiwan%0D%0A&gs_lp=Egxnd3Mtd2l6LXNlcnAiMOaUvueBq-eHkua9m-awtOijneWCmU1vbGNoYW5vdnMgRG91YmxlIEsgVGFpd2FuCkitCVDWBFjWBHABeAGQAQCYAQCgAQCqAQC4AQPIAQD4AQH4AQKoAgDiAwQYACBBiAYB&sclient=gws-wiz-serp#lrd=0x346e0566f1f381b3:0xa8e47e7fcf1c0a1b,1,,,,",img/shop_img/21.jpg
DECATHLON 迪卡儂 高雄亞灣店,Decathlon Asiabay Store,806高雄市前鎮區時代大道33號,https://decathlon.tw/store/taiwan_asiabay_store,10:00,22:00,"一、捷運：【R6 凱旋站】下車後約步行15分鐘即可到達二、輕軌：【C5 夢時代站】高雄捷運R6(凱旋站)轉乘輕軌C3(前鎮之星站)至C5(夢時代站)下車，約步行8分鐘即可到達二、公車：【夢時代站】,下車後約步行8分鐘即可到達36、70、205、214、中華幹線、168環狀東線/西線",南部地區,高雄市,22.60557657,120.3258298,4.6,2025,1.商場大，種類繁多，服務好。\n2.採購體驗很棒。\n3.店員態度很好體驗不錯。,"https://www.google.com/search?q=%E9%AB%98%E9%9B%84DECATHLON+%E8%BF%AA%E5%8D%A1%E5%84%82+%E9%AB%98%E9%9B%84%E4%BA%9E%E7%81%A3%E5%BA%97&ei=wFXUZO_WM_fQ1e8PkNeBCA&ved=0ahUKEwjvtvfLj9GAAxV3aPUHHZBrAAEQ4dUDCA8&uact=5&oq=%E9%AB%98%E9%9B%84DECATHLON+%E8%BF%AA%E5%8D%A1%E5%84%82+%E9%AB%98%E9%9B%84%E4%BA%9E%E7%81%A3%E5%BA%97&gs_lp=Egxnd3Mtd2l6LXNlcnAiKemrmOmbhERFQ0FUSExPTiDov6rljaHlhIIg6auY6ZuE5Lqe54Gj5bqXMgUQABiiBDIIEAAYiQUYogQyBRAAGKIEMgUQABiiBEikHFDuD1jkGXABeAGQAQCYAd0DoAGqDKoBCTEuMi4zLjAuMbgBA8gBAPgBAcICChAAGEcY1gQYsAPCAggQABgIGAcYHuIDBBgAIEGIBgGQBgo&sclient=gws-wiz-serp#lrd=0x346e03ef2a880b03:0xca62ea27cf3e33e,1,,,,",img/shop_img/22.jpg
DECATHLON 迪卡儂 高雄鳳山店,Decathlon Fengshan Store,830高雄市鳳山區文化路59號,https://decathlon.tw/store/taiwan_fengshan_store,10:00,22:00,一、火車：搭至<鳳山車站>，出站步行5分鐘二、捷運：搭至<鳳山西站>，出站步行15-20分鐘三、公車：7A、橘7B至<大潤發站>,南部地區,高雄市,22.63821815,120.3550123,4.5,3965,1.賣場寬敞舒適明亮，商品種類多元化。\n2.襪子好穿又耐穿。\n3.負責水上運動的店員親切熱心，服務讓人感動滿滿。,"https://www.google.com/search?q=DECATHLON+%E8%BF%AA%E5%8D%A1%E5%84%82+%E9%AB%98%E9%9B%84%E9%B3%B3%E5%B1%B1%E5%BA%97%0D%0A&ei=1FXUZMyrI4OlhwPAsqnIAg&ved=0ahUKEwjM5avVj9GAAxWD0mEKHUBZCikQ4dUDCA8&uact=5&oq=DECATHLON+%E8%BF%AA%E5%8D%A1%E5%84%82+%E9%AB%98%E9%9B%84%E9%B3%B3%E5%B1%B1%E5%BA%97%0D%0A&gs_lp=Egxnd3Mtd2l6LXNlcnAiJERFQ0FUSExPTiDov6rljaHlhIIg6auY6ZuE6bOz5bGx5bqXCkjvClCzBFizBHABeAGQAQCYAQCgAQCqAQC4AQPIAQD4AQH4AQKoAgDiAwQYACBBiAYB&sclient=gws-wiz-serp#lrd=0x346e1b3a5b49a271:0x954a37f575e4a66e,1,,,,",img/shop_img/23.jpg
DECATHLON 迪卡儂 高雄楠梓店,Decathlon Nanzi Store,811高雄市楠梓區土庫一路60號,https://decathlon.tw/store/taiwan_nanzi_store,10:00,22:00,一、火車：搭至<楠梓火車站>，出站步行約19分鐘二、公車：紅58B至<志清豐一路>,南部地區,高雄市,22.74238963,120.3499552,4.4,966,1.Ellen服務人員態度很好感覺很專業。\n2.服務人員很熱心。\n3.運動用品種類很多，有需要的商品詢問店員態度也很好。,"https://www.google.com/search?q=DECATHLON+%E8%BF%AA%E5%8D%A1%E5%84%82+%E9%AB%98%E9%9B%84%E6%A5%A0%E6%A2%93%E5%BA%97%0D%0A&ei=IFbUZNT7L9Lc-QaPvpfABQ&ved=0ahUKEwjUi9f5j9GAAxVSbt4KHQ_fBVgQ4dUDCA8&uact=5&oq=DECATHLON+%E8%BF%AA%E5%8D%A1%E5%84%82+%E9%AB%98%E9%9B%84%E6%A5%A0%E6%A2%93%E5%BA%97%0D%0A&gs_lp=Egxnd3Mtd2l6LXNlcnAiJERFQ0FUSExPTiDov6rljaHlhIIg6auY6ZuE5qWg5qKT5bqXCkjTClCtBVitBXABeAGQAQCYAQCgAQCqAQC4AQPIAQD4AQH4AQKoAgDiAwQYACBBiAYB&sclient=gws-wiz-serp#lrd=0x346e0fd42ee33907:0xd2f959002ceccdf1,1,,,,",img/shop_img/24.jpg
台灣潛水墾丁店,TAIWAN DIVE CENTER,946屏東縣恆春鎮大光路55-60號,https://www.taiwan-dive.com/,08:00,22:30,火車：搭乘至枋寮車站→9189台灣好行墾丁快線→南灣→102墾丁街車藍線經貓鼻頭→大光→步行→到達目的地,南部地區,屏東縣,21.94440372,120.7365902,5,2468,1.專業的教練和充足的教學。\n2.舒適的住宿環境和友善的員工。\n3.美味的食物和附近的海產店。,https://www.google.com/search?q=%E5%8F%B0%E7%81%A3%E6%BD%9B%E6%B0%B4%E5%A2%BE%E4%B8%81%E5%BA%97%0D%0A&ei=jVjUZJi_EaLR1e8PgK6WyAE&ved=0ahUKEwjYucehktGAAxWiaPUHHQCXBRkQ4dUDCA8&uact=5&oq=%E5%8F%B0%E7%81%A3%E6%BD%9B%E6%B0%B4%E5%A2%BE%E4%B8%81%E5%BA%97%0D%0A&gs_lp=Egxnd3Mtd2l6LXNlcnAiFuWPsOeBo-a9m-awtOWivuS4geW6lwpI0ghQkwVYkwVwAngBkAEAmAEAoAEAqgEAuAEDyAEA-AEB-AECqAIA4gMEGAAgQYgGAQ&sclient=gws-wiz-serp#rlimm=660298208065324879,img/shop_img/25.jpg
墾丁舒服潛水,COZIDIVE KENTING,946屏東縣恆春鎮大光路79-49號,https://www.facebook.com/cozidive/about,08:00,20:00,火車：搭乘至枋寮車站→9189台灣好行墾丁快線→恆春轉運站→719水泉線小黃公車→大光活動中心→步行→到達目的地,南部地區,屏東縣,21.9448596,120.7434265,4.8,62,1.教練認真教學。\n2.老闆及老闆娘專業且親切。\n3.潛水舒服又安全。,"https://www.google.com/search?q=%E5%A2%BE%E4%B8%81%E8%88%92%E6%9C%8D%E6%BD%9B%E6%B0%B4%0D%0A&ei=91jUZLjVD4GG-QagiajoBA&hotel_occupancy=2&ved=0ahUKEwj4rIvUktGAAxUBQ94KHaAECk0Q4dUDCA8&uact=5&oq=%E5%A2%BE%E4%B8%81%E8%88%92%E6%9C%8D%E6%BD%9B%E6%B0%B4%0D%0A&gs_lp=Egxnd3Mtd2l6LXNlcnAiE-WivuS4geiIkuacjea9m-awtApI1QpQtwVYtwVwAXgBkAEAmAEAoAEAqgEAuAEDyAEA-AEB-AECqAIA4gMEGAAgQYgGAQ&sclient=gws-wiz-serp#lrd=0x3471b040d4647fbd:0xe231c266d30381f3,1,,,,",img/shop_img/26.jpg
DECATHLON 迪卡儂 屏東店,Decathlon Pingtung Store,900屏東縣屏東市自由路550號1樓,https://decathlon.tw/store/taiwan_pingtung_store,10:00,22:00,高鐵<左營站>，轉台鐵至<屏東火車站>，搭乘計程車約10分鐘,南部地區,屏東縣,22.68402926,120.4875214,4.4,3445,1.冷氣涼爽，購物舒適。\n2.運動用品便宜且好用。\n3.賣場大且有停車場。,"https://www.google.com/search?q=DECATHLON+%E8%BF%AA%E5%8D%A1%E5%84%82+%E5%B1%8F%E6%9D%B1%E5%BA%97%0D%0A&hotel_occupancy=2&ei=i1zUZIycMabs1e8PzuCmiA8&ved=0ahUKEwjMjZGJltGAAxUmdvUHHU6wCfEQ4dUDCA8&uact=5&oq=DECATHLON+%E8%BF%AA%E5%8D%A1%E5%84%82+%E5%B1%8F%E6%9D%B1%E5%BA%97%0D%0A&gs_lp=Egxnd3Mtd2l6LXNlcnAiHkRFQ0FUSExPTiDov6rljaHlhIIg5bGP5p2x5bqXCkjoDVCJBliJBnABeAGQAQCYAQCgAQCqAQC4AQPIAQD4AQH4AQKoAgDiAwQYACBBiAYB&sclient=gws-wiz-serp#lrd=0x346e179f45fa0c41:0x20634cd86d02dda0,1,,,,",img/shop_img/27.jpg
日日選品Daily.day,Daily.day,929屏東縣琉球鄉觀光港路12-9號,https://www.instagram.com/discoverlamay_store/?igshid=YmMyMTA2M2Y%3D,11:00,21:00,搭船至白沙尾渡船碼頭→步行→到達目的地,南部地區,屏東縣,22.35061725,120.3836608,5,3,1.店員有問題都可以問，講解的很仔細。\n2.店員很可愛又很有耐心解決疑難雜症。\n3.買面鏡還可以先租借讓我們使用。,"https://www.google.com/search?q=%E6%97%A5%E6%97%A5%E9%81%B8%E5%93%81Daily.day%0D%0A&hotel_occupancy=2&ei=dXfUZLa7L93Q1e8PqIyB8AI&ved=0ahUKEwj2ycPer9GAAxVdaPUHHShGAC4Q4dUDCA8&uact=5&oq=%E6%97%A5%E6%97%A5%E9%81%B8%E5%93%81Daily.day%0D%0A&gs_lp=Egxnd3Mtd2l6LXNlcnAiFuaXpeaXpemBuOWTgURhaWx5LmRheQpIAFAAWABwAHgBkAEAmAEAoAEAqgEAuAEDyAEA-AEC-AEB4gMEGAAgQQ&sclient=gws-wiz-serp#lrd=0x3471e56a782d053d:0x18e63b65d32cdacb,1,,,,",img/shop_img/28.jpg
PADI澎湖興仁潛水訓練中心,null,88053澎湖縣馬公市烏崁里128號之25,http://www.padidanny.com/zh,08:00,23:30,飛機：搭乘飛機至澎湖機場→龍門循環線→興仁國小→步行→到達目的地,外島/.離島地區,澎湖縣,23.55225502,119.6431404,5,1189,1.教練詳細解說，仔細教學，不讓人緊張。\n2.對於不會游泳和怕水的人也很用心教導。\n3.教練和老闆娘人超好，提供非常好的體驗。,"https://www.google.com/search?q=PADI%E6%BE%8E%E6%B9%96%E8%88%88%E4%BB%81%E6%BD%9B%E6%B0%B4%E8%A8%93%E7%B7%B4%E4%B8%AD%E5%BF%83%0D%0A&hotel_occupancy=2&ei=GnjUZNnmL8bY1e8Pq_yziAk&ved=0ahUKEwjZ25qtsNGAAxVGbPUHHSv-DJEQ4dUDCA8&uact=5&oq=PADI%E6%BE%8E%E6%B9%96%E8%88%88%E4%BB%81%E6%BD%9B%E6%B0%B4%E8%A8%93%E7%B7%B4%E4%B8%AD%E5%BF%83%0D%0A&gs_lp=Egxnd3Mtd2l6LXNlcnAiI1BBREnmvo7muZboiIjku4HmvZvmsLToqJPnt7TkuK3lv4MKSIMMUOcGWOcGcAJ4AZABAJgBAKABAKoBALgBA8gBAPgBAfgBAqgCAOIDBBgAIEGIBgE&sclient=gws-wiz-serp#lrd=0x346c4545d7490499:0x903f7641c156dff3,1,,,,",img/shop_img/29.jpg
澎湖潛水會,null,880澎湖縣馬公市漁隆路7-1號,https://www.facebook.com/profile.php?id=100063790492382&sk=about,07:00,22:00,飛機：搭乘飛機至澎湖機場→龍門循環線→後備司令部→步行→到達目的地,外島/.離島地區,澎湖縣,23.56691819,119.5702178,4.5,53,1.價格實在且設備便宜。\n2.專業的產品介紹和推薦。\n3.店家的兒子非常貼心，送上暈船藥幫助客人。,"https://www.google.com/search?q=%E6%BE%8E%E6%B9%96%E6%BD%9B%E6%B0%B4%E6%9C%83%0D%0A&hotel_occupancy=2&ei=gHjUZJKVDcaghwPE_JWIAw&ved=0ahUKEwiS1cndsNGAAxVG0GEKHUR-BTEQ4dUDCA8&uact=5&oq=%E6%BE%8E%E6%B9%96%E6%BD%9B%E6%B0%B4%E6%9C%83%0D%0A&gs_lp=Egxnd3Mtd2l6LXNlcnAiEOa-jua5lua9m-awtOacgwpI_ghQhgRYhgRwAXgBkAEAmAEAoAEAqgEAuAEDyAEA-AEB-AECqAIA4gMEGAAgQYgGAQ&sclient=gws-wiz-serp#lrd=0x346c5aed5f98ffab:0xa8340ee1c70cd93f,1,,,,",img/shop_img/30.jpg
海咖潛水用品店,HIGH CLUB,412臺中市大里區長春路115巷61號,https://linktr.ee/highcover,無,無,高鐵：搭至高鐵台中站→新烏日車站→248號公車→大里圖書館(中興路)→步行→到達目的地,中部地區,臺中市,24.0860344,120.6921717,5,115,1.老闆超親切，解說詳細，價錢優惠。\n2.裝備齊全又好挑。\n3.送小禮物，給顧客完善的體驗。,"https://www.google.com/search?q=%E6%B5%B7%E5%92%96%E6%BD%9B%E6%B0%B4%E7%94%A8%E5%93%81%E5%BA%97%0D%0A&hotel_occupancy=2&ei=8XjUZMDvFu_g2roP7_qi6AQ&ved=0ahUKEwiArMSTsdGAAxVvsFYBHW-9CE0Q4dUDCA8&uact=5&oq=%E6%B5%B7%E5%92%96%E6%BD%9B%E6%B0%B4%E7%94%A8%E5%93%81%E5%BA%97%0D%0A&gs_lp=Egxnd3Mtd2l6LXNlcnAiFua1t-WSlua9m-awtOeUqOWTgeW6lwpI7whQmQRYmQRwAXgBkAEAmAEAoAEAqgEAuAEDyAEA-AEB-AECqAIA4gMEGAAgQYgGAQ&sclient=gws-wiz-serp#lrd=0x34693d76168d5337:0xa95e1b8093b12559,1,,,,",img/shop_img/31.jpg
HERTZ自由潛水,Hertz freediving,402臺中市南區信義南街81巷19號1樓,https://www.hertzfreediving.com/,09:00,17:00,高鐵：搭至高鐵台中站→37號公車→第三分局→步行→到達目的地,中部地區,臺中市,24.12786819,120.6730755,5,9,1.教練細心耐心，讓學習更加輕鬆愉快。\n2.教學內容豐富，讓學員獲得更多知識和技能。\n3.交通便利，附近有許多餐廳和公園綠地，方便休閒娛樂。,"https://www.google.com/search?q=HERTZ%E8%87%AA%E7%94%B1%E6%BD%9B%E6%B0%B4%0D%0A&hotel_occupancy=2&ei=iXrUZP_pL43h-AbD26qgBQ&ved=0ahUKEwi_0qPWstGAAxWNMN4KHcOtClQQ4dUDCA8&uact=5&oq=HERTZ%E8%87%AA%E7%94%B1%E6%BD%9B%E6%B0%B4%0D%0A&gs_lp=Egxnd3Mtd2l6LXNlcnAiEkhFUlRa6Ieq55Sx5r2b5rC0CkiUCVCOBFiOBHABeACQAQCYAQCgAQCqAQC4AQPIAQD4AQH4AQKoAgDiAwQYACBBiAYB&sclient=gws-wiz-serp#lrd=0x34693deabda74931:0xd3791038be1e7cca,1,,,,",img/shop_img/32.jpg
海嬉潛水店 Ocean Fun Diving Shop,Ocean Fun Diving Shop,40443臺中市北區原子街154號,http://www.oceanfun.com.tw/?fbclid=IwAR2p1irEFQfI6qfZQo0i8D8Xv_KhYR377eLnTZMcomd63EImIrpQiA92WgA,14:00,21:30,火車：搭至台中火車站→步行→臺中車站(成功路口)→32號公車→中央市場→步行→到達目的地,中部地區,臺中市,24.1487531,120.6767178,5,23,1.教練非常有耐心且友善。\n2.學科和術科教學都非常仔細和扎實。\n3.價格划算，課程扎實，教練細心。,"https://www.google.com/search?q=%E6%B5%B7%E5%AC%89%E6%BD%9B%E6%B0%B4%E5%BA%97+Ocean+Fun+Diving+Shop%0D%0A&hotel_occupancy=2&ei=5HrUZJbxKYOs-QaKqa-QCA&ved=0ahUKEwiW88-Bs9GAAxUDVt4KHYrUC4IQ4dUDCA8&uact=5&oq=%E6%B5%B7%E5%AC%89%E6%BD%9B%E6%B0%B4%E5%BA%97+Ocean+Fun+Diving+Shop%0D%0A&gs_lp=Egxnd3Mtd2l6LXNlcnAiJua1t-Wsiea9m-awtOW6lyBPY2VhbiBGdW4gRGl2aW5nIFNob3AKSPgJUJsEWJsEcAF4AZABAJgBAKABAKoBALgBA8gBAPgBAfgBAqgCAOIDBBgAIEGIBgE&sclient=gws-wiz-serp#lrd=0x34693d754c97deb3:0x17c1f44197e730dc,1,,,,",img/shop_img/33.jpg
鵬隆行 潛水SUP風浪板,pennondive,404臺中市北區太平路149號,http://www.pennondive.com/?fbclid=IwAR20d_3Gy7SdRJrsf_kEP4sAJv2XVnX5sD7qB9ipSq1gzeCT8jASlylikCg,12:00,21:00,火車：搭至台中火車站→12延路線公車→國立臺中科技大學→步行→到達目的地,中部地區,臺中市,24.14902237,120.6814087,4.2,24,1.老闆娘很專業、熱情，解說很仔細。\n2.老闆娘親切、專業、用心。\n3.老客戶兩年後回購。,"https://www.google.com/search?q=%E9%B5%AC%E9%9A%86%E8%A1%8C+%E6%BD%9B%E6%B0%B4SUP%E9%A2%A8%E6%B5%AA%E6%9D%BF%0D%0A&hotel_occupancy=2&ei=W3vUZPnICtLi-AaO06GIDg&ved=0ahUKEwi54o-6s9GAAxVSMd4KHY5pCOEQ4dUDCA8&uact=5&oq=%E9%B5%AC%E9%9A%86%E8%A1%8C+%E6%BD%9B%E6%B0%B4SUP%E9%A2%A8%E6%B5%AA%E6%9D%BF%0D%0A&gs_lp=Egxnd3Mtd2l6LXNlcnAiHem1rOmahuihjCDmvZvmsLRTVVDpoqjmtarmnb8KSNYIUP4DWP4DcAF4AZABAJgBAKABAKoBALgBA8gBAPgBAfgBAqgCAOIDBBgAIEGIBgE&sclient=gws-wiz-serp#lrd=0x34693d6ee8da51af:0x90d9edb7515bc059,1,,,,",img/shop_img/34.jpg
slowdive 漫潛,slowdive,404臺中市北區美德街20號,https://www.slowdive952.com/,13:00,21:00,火車：搭至台中火車站→12崇德幹線公車→北區運動中心→步行→到達目的地,中部地區,臺中市,24.15750822,120.6843284,4.8,32,1.服務超級好，不會強迫推銷。\n2.店員熱情招呼每位客人。\n3.商品介紹清楚，款式多樣，有開發票。,"https://www.google.com/search?q=slowdive+%E6%BC%AB%E6%BD%9B%0D%0A&hotel_occupancy=2&ei=pXvUZLC-FdeE-Qbx16zwDQ&ved=0ahUKEwjwpL_ds9GAAxVXQt4KHfErC94Q4dUDCA8&uact=5&oq=slowdive+%E6%BC%AB%E6%BD%9B%0D%0A&gs_lp=Egxnd3Mtd2l6LXNlcnAiEHNsb3dkaXZlIOa8q-a9mwpIiwlQmQNYmQNwAXgAkAEAmAEAoAEAqgEAuAEDyAEA-AEB-AECqAIA4gMEGAAgQYgGAQ&sclient=gws-wiz-serp#lrd=0x34693d13f0e61235:0xa683aa06912ca3be,1,,,,",img/shop_img/35.jpg
藏水自由潛水用品社,TSHANG TSUI,404臺中市北區健行路425巷6號,https://tshang-tsui.com/,14:30,20:30,火車：搭至台中火車站→65副線公車→新民高中(崇德路)→步行→到達目的地,中部地區,臺中市,24.15859358,120.6813005,5,171,1.店員解說詳細且親切。\n2.租借成本低，可以試踢市面主流的蛙鞋。\n3.租時時間彈性調整，服務感人。,"https://www.google.com/search?q=%E8%97%8F%E6%B0%B4%E8%87%AA%E7%94%B1%E6%BD%9B%E6%B0%B4%E7%94%A8%E5%93%81%E7%A4%BE%0D%0A&hotel_occupancy=2&ei=J3zUZM2bIM-2oATN37oI&ved=0ahUKEwiNy8ibtNGAAxVPG4gKHc2vDgEQ4dUDCA8&uact=5&oq=%E8%97%8F%E6%B0%B4%E8%87%AA%E7%94%B1%E6%BD%9B%E6%B0%B4%E7%94%A8%E5%93%81%E7%A4%BE%0D%0A&gs_lp=Egxnd3Mtd2l6LXNlcnAiHOiXj-awtOiHqueUsea9m-awtOeUqOWTgeekvgpIjQpQxgRYxgRwAXgBkAEAmAEAoAEAqgEAuAEDyAEA-AEB-AECqAIA4gMEGAAgQYgGAQ&sclient=gws-wiz-serp#lrd=0x34693d24fabd3291:0x1a05e0f22c2c65a9,1,,,,",img/shop_img/36.jpg
乖巧鯊潛水訓練中心,Sharkie,404臺中市北區太原路一段460-5號,https://www.sharkie.com.tw/,12:00,21:00,火車：搭至台中火車站→86號公車→803醫院中清分院→步行→到達目的地,中部地區,臺中市,24.16475358,120.6683502,4.8,26,1.一家很棒的專業和服務潛水店。\n2.潛水相關活動和課程的最佳選擇。\n3.教練非常用心推推。,"https://www.google.com/search?q=%E4%B9%96%E5%B7%A7%E9%AF%8A%E6%BD%9B%E6%B0%B4%E8%A8%93%E7%B7%B4%E4%B8%AD%E5%BF%83%0D%0A&hotel_occupancy=2&ei=jnzUZIzsIJe32roPgPCxyAQ&ved=0ahUKEwiM69fMtNGAAxWXm1YBHQB4DEkQ4dUDCA8&uact=5&oq=%E4%B9%96%E5%B7%A7%E9%AF%8A%E6%BD%9B%E6%B0%B4%E8%A8%93%E7%B7%B4%E4%B8%AD%E5%BF%83%0D%0A&gs_lp=Egxnd3Mtd2l6LXNlcnAiHOS5luW3p-mviua9m-awtOiok-e3tOS4reW_gwpIvglQ-gNY-gNwAXgBkAEAmAEAoAEAqgEAuAEDyAEA-AEB-AECqAIA4gMEGAAgQYgGAQ&sclient=gws-wiz-serp#lrd=0x34693d7fc835277b:0x58f6dd3d968824b2,1,,,,",img/shop_img/37.jpg
海洋芒果 台中市政店,Ocean Mango,40758臺中市西屯區大墩十七街110號,http://www.ocean-mango.com/,12:30,21:30," 開車1: 文心路往北方向, 大墩17街右轉10公尺對面即到.開車2: 市政路往東方向, 過文心路10公尺對面即到",中部地區,臺中市,24.15557303,120.647361,4.8,71,1.店家提供耐心的解說和正向建議。\n2.不會過度推銷，不會給予選購壓力。\n3.鄰近捷運站，方便前往。,"https://www.google.com/search?q=%E6%B5%B7%E6%B4%8B%E8%8A%92%E6%9E%9C+%E5%8F%B0%E4%B8%AD%E5%B8%82%E6%94%BF%E5%BA%97%0D%0A&hotel_occupancy=2&ei=43zUZN32GKTt1e8PvaiuSA&ved=0ahUKEwid9JP1tNGAAxWkdvUHHT2UCwkQ4dUDCA8&uact=5&oq=%E6%B5%B7%E6%B4%8B%E8%8A%92%E6%9E%9C+%E5%8F%B0%E4%B8%AD%E5%B8%82%E6%94%BF%E5%BA%97%0D%0A&gs_lp=Egxnd3Mtd2l6LXNlcnAiHea1t-a0i-iKkuaenCDlj7DkuK3luILmlL_lupcKSNYJUPYDWPYDcAF4AJABAJgBAKABAKoBALgBA8gBAPgBAfgBAqgCAOIDBBgAIEGIBgE&sclient=gws-wiz-serp#lrd=0x34693de3cc976437:0xb02009c56f0a9e87,1,,,,",img/shop_img/38.jpg
BMDivers-三川潛水用品-Diving gears,BMDIVER,407臺中市西屯區臺灣大道三段186號,https://www.instagram.com/blackmermaid520/,12:00,21:00,火車：搭至台中火車站→步行→台中後火車站→300臺灣大道幹線公車→新光/遠百[專用道]→步行→到達目的地,中部地區,臺中市,24.1647839,120.6462678,5,18,1.老闆娘詳細介紹，好客。\n2.老闆與老闆娘都會很熱心介紹與服務品質優良！\n3.優質的服務，教練很用心。,"https://www.google.com/search?q=BMDivers-%E4%B8%89%E5%B7%9D%E6%BD%9B%E6%B0%B4%E7%94%A8%E5%93%81-Diving+gears%0D%0A&hotel_occupancy=2&ei=U33UZP71Mv7g1e8Pu9memAY&ved=0ahUKEwi-6-GqtdGAAxV-cPUHHbusB2MQ4dUDCA8&uact=5&oq=BMDivers-%E4%B8%89%E5%B7%9D%E6%BD%9B%E6%B0%B4%E7%94%A8%E5%93%81-Diving+gears%0D%0A&gs_lp=Egxnd3Mtd2l6LXNlcnAiKUJNRGl2ZXJzLeS4ieW3nea9m-awtOeUqOWTgS1EaXZpbmcgZ2VhcnMKSPwIUOcDWOcDcAF4AZABAJgBAKABAKoBALgBA8gBAPgBAfgBAqgCAOIDBBgAIEGIBgE&sclient=gws-wiz-serp#lrd=0x34693d4c7fcc9e95:0x7f41835a2aaa25a9,1,,,,",img/shop_img/39.jpg
Water Pro 中港店,Water Pro ,407臺中市西屯區臺灣大道三段301號12樓,https://www.facebook.com/waterprotw/?locale=zh_TW,11:00,22:00,火車：搭至台中火車站→步行→台中後火車站→300臺灣大道幹線公車→新光/遠百[專用道]→步行→到達目的地,中部地區,臺中市,24.16492381,120.6436997,5,108,1.淺水新手很適合來這裡買。\n2.櫃上商品也有很多可以選擇。\n3.店面服務人員都很熱心，有問必答。,"https://www.google.com/search?q=Water+Pro+%E4%B8%AD%E6%B8%AF%E5%BA%97%0D%0A&hotel_occupancy=2&ei=sn3UZKbsF5WF-QbfybioCA&ved=0ahUKEwimje3XtdGAAxWVQt4KHd8kDoUQ4dUDCA8&uact=5&oq=Water+Pro+%E4%B8%AD%E6%B8%AF%E5%BA%97%0D%0A&gs_lp=Egxnd3Mtd2l6LXNlcnAiFFdhdGVyIFBybyDkuK3muK_lupcKSMIJUL8DWL8DcAF4AJABAJgBAKABAKoBALgBA8gBAPgBAfgBAqgCAOIDBBgAIEGIBgE&sclient=gws-wiz-serp#lrd=0x34693d0704076a93:0x7e703171cdc924be,1,,,,",img/shop_img/40.jpg
Water Pro 台中總店,Water Pro ,407臺中市西屯區市政北七路167號,https://www.facebook.com/waterprotw/?locale=zh_TW,12:00,21:00,火車：搭至台中火車站→步行→台中後火車站→300臺灣大道幹線公車→秋紅谷[專用道]→步行→到達目的地,中部地區,臺中市,24.16463343,120.6410626,5,331,1.店員服務態度親切。\n2.專業度高。\n3.商品種類齊全。,"https://www.google.com/search?q=Water+Pro+%E5%8F%B0%E4%B8%AD%E7%B8%BD%E5%BA%97%0D%0A&hotel_occupancy=2&ei=FH7UZPPjF8mI-QabtIOgCQ&ved=0ahUKEwjzvcqGttGAAxVJRN4KHRvaAJQQ4dUDCA8&uact=5&oq=Water+Pro+%E5%8F%B0%E4%B8%AD%E7%B8%BD%E5%BA%97%0D%0A&gs_lp=Egxnd3Mtd2l6LXNlcnAiF1dhdGVyIFBybyDlj7DkuK3nuL3lupcKSOIIUOoDWOoDcAF4AZABAJgBAKABAKoBALgBA8gBAPgBAfgBAqgCAOIDBBgAIEGIBgE&sclient=gws-wiz-serp#lrd=0x34693df0d487289b:0x8dd5ae46299d0cf4,1,,,,",img/shop_img/41.jpg
昊洋水上運動用品,HOYNG,408245臺中市南屯區嶺東路912號1樓,https://shopee.tw/vicky19830209,10:00,20:00,火車：搭至台中火車站→步行→台中車站(民族路口)→290號公車→五權西嶺東路口→步行→到達目的地,中部地區,臺中市,24.15315532,120.6127137,5,15,1.服務親切，介紹詳細。\n2.老闆和善，東西便宜，cp值高。\n3.品質把關的很好。,https://www.google.com/search?q=%E6%98%8A%E6%B4%8B%E6%B0%B4%E4%B8%8A%E9%81%8B%E5%8B%95%E7%94%A8%E5%93%81%0D%0A&hotel_occupancy=2&ei=fn7UZMDYFMHnwQPXx6JQ&ved=0ahUKEwjAj425ttGAAxXBc3AKHdejCAoQ4dUDCA8&uact=5&oq=%E6%98%8A%E6%B4%8B%E6%B0%B4%E4%B8%8A%E9%81%8B%E5%8B%95%E7%94%A8%E5%93%81%0D%0A&gs_lp=Egxnd3Mtd2l6LXNlcnAiGeaYiua0i-awtOS4iumBi-WLleeUqOWTgQpI-QhQxgNYxgNwAXgBkAEAmAEAoAEAqgEAuAEDyAEA-AEB-AECqAIA4gMEGAAgQYgGAQ&sclient=gws-wiz-serp#rlimm=13420581176909312680,img/shop_img/42.jpg
碧海藍天國際潛水飛行聯盟,SeaSky DIVING&FLIGHT,407臺中市西屯區福科路222號,http://seasky.com.tw/?fbclid=IwAR1tj_zKCG3VVPjYthMktuwQMJNcmSouKgcO_T18UpS9vlkIsbQSs3BuCNI,09:30,23:00,火車：搭至台中火車站→步行→台中後火車站→300臺灣大道幹線公車→福安[專用道]→步行→到達目的地,中部地區,臺中市,24.18253348,120.6242496,4.9,64,1.教練專業細心指導。\n2.店內氛圍好。\n3.服務態度專業親切。,"https://www.google.com/search?q=%E7%A2%A7%E6%B5%B7%E8%97%8D%E5%A4%A9%E5%9C%8B%E9%9A%9B%E6%BD%9B%E6%B0%B4%E9%A3%9B%E8%A1%8C%E8%81%AF%E7%9B%9F%0D%0A&hotel_occupancy=2&ei=S4DUZPCvNtS8wAOBhJSQAg&ved=0ahUKEwiwgZiVuNGAAxVUHnAKHQECBSIQ4dUDCA8&uact=5&oq=%E7%A2%A7%E6%B5%B7%E8%97%8D%E5%A4%A9%E5%9C%8B%E9%9A%9B%E6%BD%9B%E6%B0%B4%E9%A3%9B%E8%A1%8C%E8%81%AF%E7%9B%9F%0D%0A&gs_lp=Egxnd3Mtd2l6LXNlcnAiJeeip-a1t-iXjeWkqeWci-mam-a9m-awtOmjm-ihjOiBr-ebnwpItAhQ8QJY8QJwAXgBkAEAmAEAoAEAqgEAuAEDyAEA-AEB-AECqAIA4gMEGAAgQYgGAQ&sclient=gws-wiz-serp#lrd=0x3469160514fb8e3f:0x94dd0de1e03587b4,1,,,,",img/shop_img/43.jpg
Taiwan Diving Monkey Dive Center 台灣潛水猴訓練中心&裝備用品公司,Taiwan Diving Monkey Dive Center ,407臺中市西屯區福科路362巷32號,https://diving-monkey.com/,15:00,21:30,火車：搭至台中火車站→步行→台中後火車站→300臺灣大道幹線公車→玉門路[專用道]→步行→到達目的地,中部地區,臺中市,24.18411723,120.6205844,4.9,12,1.闆娘和老闆都很親切，價錢合理。\n2.潛店提供各種潛水用品並能維修潛水裝備。\n3.教練團專業、客氣，收費合理，能即時糾正問題，讓人安心。,"https://www.google.com/search?q=Taiwan+Diving+Monkey+Dive+Center+%E5%8F%B0%E7%81%A3%E6%BD%9B%E6%B0%B4%E7%8C%B4%E8%A8%93%E7%B7%B4%E4%B8%AD%E5%BF%83%26%E8%A3%9D%E5%82%99%E7%94%A8%E5%93%81%E5%85%AC%E5%8F%B8%0D%0A&hotel_occupancy=2&ei=yIHUZPreEIiQ2roPzqalwAo&ved=0ahUKEwj64sjKudGAAxUIiFYBHU5TCagQ4dUDCA8&uact=5&oq=Taiwan+Diving+Monkey+Dive+Center+%E5%8F%B0%E7%81%A3%E6%BD%9B%E6%B0%B4%E7%8C%B4%E8%A8%93%E7%B7%B4%E4%B8%AD%E5%BF%83%26%E8%A3%9D%E5%82%99%E7%94%A8%E5%93%81%E5%85%AC%E5%8F%B8%0D%0A&gs_lp=Egxnd3Mtd2l6LXNlcnAiUFRhaXdhbiBEaXZpbmcgTW9ua2V5IERpdmUgQ2VudGVyIOWPsOeBo-a9m-awtOeMtOiok-e3tOS4reW_gyboo53lgpnnlKjlk4Hlhazlj7gKSKoJUPIDWPIDcAF4AJABAJgBAKABAKoBALgBA8gBAPgBAfgBAqgCAOIDBBgAIEGIBgE&sclient=gws-wiz-serp#lrd=0x34693d9842048b03:0x7fa4ffa4e9e3d3a,1,,,,",img/shop_img/44.jpg
宇洋潛水Cosmos Ocean逢甲旗艦店,Cosmos Ocean,407臺中市西屯區福星北二街5號,https://www.facebook.com/cosmos.ocean/?locale=zh_TW,13:00,22:00,火車：搭至台中火車站→步行→第一廣場→45號公車→漢翔公司(星享道)→步行→到達目的地,中部地區,臺中市,24.1835227,120.6451962,4.9,1613,1.老闆的解釋非常祥?。\n2.店員的態度非常好。\n3.商品款式豐富。,"https://www.google.com/search?q=%E5%AE%87%E6%B4%8B%E6%BD%9B%E6%B0%B4Cosmos+Ocean%E9%80%A2%E7%94%B2%E6%97%97%E8%89%A6%E5%BA%97%0D%0A&hotel_occupancy=2&ei=GoLUZPbgO7G32roPg-mtmAs&ved=0ahUKEwj21YDyudGAAxWxm1YBHYN0C7MQ4dUDCA8&uact=5&oq=%E5%AE%87%E6%B4%8B%E6%BD%9B%E6%B0%B4Cosmos+Ocean%E9%80%A2%E7%94%B2%E6%97%97%E8%89%A6%E5%BA%97%0D%0A&gs_lp=Egxnd3Mtd2l6LXNlcnAiKOWuh-a0i-a9m-awtENvc21vcyBPY2VhbumAoueUsuaXl-iJpuW6lwpI3wdQ4QNY4QNwAXgBkAEAmAEAoAEAqgEAuAEDyAEA-AEB-AECqAIA4gMEGAAgQYgGAQ&sclient=gws-wiz-serp#lrd=0x3469163d1ba835b7:0x20b2552db404e795,1,,,,",img/shop_img/45.jpg
Aropec金鴻股份有限公司 潛水衝浪溯溪游泳三鐵(台中店),Aropec,42950臺中市神岡區民生路122號,https://aropec.tw/,08:30,17:30,火車：搭至豐原車站→步行→豐原轉運中心→185經東山公車→神岡高工→步行→到達目的地,中部地區,臺中市,24.24123313,120.6747383,4.8,57,1.櫃檯小姐耐心介紹，幫忙查詢，服務親切。\n2.水上活動產品齊全。\n3.員工服務親切，解說介紹詳細，價格折扣親切。,"https://www.google.com/search?q=Aropec%E9%87%91%E9%B4%BB%E8%82%A1%E4%BB%BD%E6%9C%89%E9%99%90%E5%85%AC%E5%8F%B8+%E6%BD%9B%E6%B0%B4%E8%A1%9D%E6%B5%AA%E6%BA%AF%E6%BA%AA%E6%B8%B8%E6%B3%B3%E4%B8%89%E9%90%B5%28%E5%8F%B0%E4%B8%AD%E5%BA%97%29%0D%0A&hotel_occupancy=2&ei=ioLUZIvaGtLr-AbvzJ7wCA&ved=0ahUKEwiLx5OnutGAAxXSNd4KHW-mB44Q4dUDCA8&uact=5&oq=Aropec%E9%87%91%E9%B4%BB%E8%82%A1%E4%BB%BD%E6%9C%89%E9%99%90%E5%85%AC%E5%8F%B8+%E6%BD%9B%E6%B0%B4%E8%A1%9D%E6%B5%AA%E6%BA%AF%E6%BA%AA%E6%B8%B8%E6%B3%B3%E4%B8%89%E9%90%B5%28%E5%8F%B0%E4%B8%AD%E5%BA%97%29%0D%0A&gs_lp=Egxnd3Mtd2l6LXNlcnAiSUFyb3BlY-mHkem0u-iCoeS7veaciemZkOWFrOWPuCDmvZvmsLTooZ3mtarmuq_muqrmuLjms7PkuInpkLUo5Y-w5Lit5bqXKQpI3g9Q9QlY9QlwAngBkAEAmAEAoAEAqgEAuAEDyAEA-AEB-AECqAIAwgIKEAAYRxjWBBiwA-IDBBgAIEGIBgGQBgo&sclient=gws-wiz-serp#lrd=0x34691726fa9684d5:0x156ebbd757926b08,1,,,,",img/shop_img/46.jpg
JIT CMAS 就愛台灣潛水,JIT CMAS ,41155臺中市太平區育賢路108號9樓,https://www.facebook.com/Johnson.Instractor.Taiwan/?ref=page_internal,09:00,22:00,火車：搭至台中火車站→步行→臺中車站(大智北路)→20號公車→天祥東光路口→轉搭243號公車→育賢建和路口→步行→到達目的地,中部地區,臺中市,24.15722006,120.722003,null,null,無,無,img/shop_img/47.jpg
中性浮力社,null,310新竹縣竹東鎮光明路,https://www.instagram.com/hsinchu_diving/,無,無,火車搭至新竹火車站→步行→新竹客運新竹總站→5608號公車→二重埔→步行→到達目的地,北部地區,新竹縣,24.76986208,121.0568087,4.8,19,1.老闆和老闆娘親切專業，提供詳細介紹和解答問題。\n2.價格合理，提供佛心價格和特賣活動。\n3.廣泛的產品選擇，滿足各種潛水需求。,"https://www.google.com/search?q=%E4%B8%AD%E6%80%A7%E6%B5%AE%E5%8A%9B%E7%A4%BE%0D%0A&hotel_occupancy=2&ei=ooPUZM-CDYG6wAPO7L6IBQ&ved=0ahUKEwjP28esu9GAAxUBHXAKHU62D1EQ4dUDCA8&uact=5&oq=%E4%B8%AD%E6%80%A7%E6%B5%AE%E5%8A%9B%E7%A4%BE%0D%0A&gs_lp=Egxnd3Mtd2l6LXNlcnAiEOS4reaAp-a1ruWKm-ekvgpIwQZQuAJYuAJwAXgAkAEAmAEAoAEAqgEAuAEDyAEA-AEB-AECqAIA4gMEGAAgQYgGAQ&sclient=gws-wiz-serp#lrd=0x34683719f6808869:0xdefbe9801cd5228f,1,,,,",img/shop_img/48.jpg
Divercity竹科戶外人,null,307新竹縣芎林鄉文山路697號,https://www.facebook.com/profile.php?id=100093996032443,13:00,21:00,高鐵：高鐵新竹站→5700台灣好行獅山線公車→上山(綠獅社區)→步行→到達目的地,北部地區,新竹縣,24.78128258,121.0755394,5,34,1.商品齊全折扣多、服務好。\n2.老闆娘人超好。\n3.講解地又詳細又有趣，買潛水用品一定會再回來買的！,"https://www.google.com/search?q=Divercity%E7%AB%B9%E7%A7%91%E6%88%B6%E5%A4%96%E4%BA%BA%0D%0A&hotel_occupancy=2&ei=0YPUZJ23Ldu8wAPBoKLABA&ved=0ahUKEwjd45zDu9GAAxVbHnAKHUGQCEgQ4dUDCA8&uact=5&oq=Divercity%E7%AB%B9%E7%A7%91%E6%88%B6%E5%A4%96%E4%BA%BA%0D%0A&gs_lp=Egxnd3Mtd2l6LXNlcnAiGURpdmVyY2l0eeerueenkeaItuWkluS6ugpIvghQ5AJY5AJwAXgAkAEAmAEAoAEAqgEAuAEDyAEA-AEB-AECqAIA4gMEGAAgQYgGAQ&sclient=gws-wiz-serp#lrd=0x3468371eccf7f615:0xfba8c5011a02555,1,,,,",img/shop_img/49.jpg
長隆潛水竹北店,C.L. Dive Center,302新竹縣竹北市復興二路,https://www.facebook.com/C.L.Dive/,13:00,22:00,火車：搭乘區間車至六家車站→步行→到達目的地,北部地區,新竹縣,24.81229465,121.0328388,5,23,1.價格實惠划算。\n2.老闆提供優質的服務和建議。\n3.友善且親切的態度。,"https://www.google.com/search?q=%E9%95%B7%E9%9A%86%E6%BD%9B%E6%B0%B4%E7%AB%B9%E5%8C%97%E5%BA%97%0D%0A&hotel_occupancy=2&ei=IYTUZPbHDoznwQO12qiABw&ved=0ahUKEwi23JDpu9GAAxWMc3AKHTUtCnAQ4dUDCA8&uact=5&oq=%E9%95%B7%E9%9A%86%E6%BD%9B%E6%B0%B4%E7%AB%B9%E5%8C%97%E5%BA%97%0D%0A&gs_lp=Egxnd3Mtd2l6LXNlcnAiFumVt-mahua9m-awtOerueWMl-W6lwpIlgpQkARYkARwAXgBkAEAmAEAoAEAqgEAuAEDyAEA-AEB-AECqAIA4gMEGAAgQYgGAQ&sclient=gws-wiz-serp#lrd=0x346837ed7f2d49d5:0xf77912a693654719,1,,,,",img/shop_img/50.jpg
速捷戶外露營用品生活館,xspeedy outdoor,302新竹縣竹北市縣政二路207號,https://www.facebook.com/xspeedyoutdoor/?locale=zh_TW,12:00,20:30,高鐵：高鐵新竹站→5900號公車→東元醫院(稅捐局)→步行→到達目的地,北部地區,新竹縣,24.8322596,121.0182854,4.5,46,1.老闆專業且細心回答客戶疑問。\n2.商品選擇齊全。\n3.老闆熱心介紹並讓顧客試用商品。,"https://www.google.com/search?q=%E9%80%9F%E6%8D%B7%E6%88%B6%E5%A4%96%E9%9C%B2%E7%87%9F%E7%94%A8%E5%93%81%E7%94%9F%E6%B4%BB%E9%A4%A8%0D%0A&hotel_occupancy=2&ei=R4XUZJP9OrnQ1e8PrYel4AE&ved=0ahUKEwjTvNX1vNGAAxU5aPUHHa1DCRwQ4dUDCA8&uact=5&oq=%E9%80%9F%E6%8D%B7%E6%88%B6%E5%A4%96%E9%9C%B2%E7%87%9F%E7%94%A8%E5%93%81%E7%94%9F%E6%B4%BB%E9%A4%A8%0D%0A&gs_lp=Egxnd3Mtd2l6LXNlcnAiIumAn-aNt-aItuWklumcsueHn-eUqOWTgeeUn-a0u-mkqApIkQlQ3gNY3gNwAXgAkAEAmAEAoAEAqgEAuAEDyAEA-AEB-AECqAIA4gMEGAAgQYgGAQ&sclient=gws-wiz-serp#lrd=0x346836e9a517af93:0x4a8136f483b51446,1,,,,",img/shop_img/51.jpg
藍灣潛水訓練中心,Blue Bay Diving Center,300新竹市東區明湖路400巷2-1號,https://www.bbd.com.tw/,10:00,22:00,高鐵：高鐵新竹站→步行→六家車站→北新竹→步行→北新竹後站→72號公車→御史崎→步行→到達目的地,北部地區,新竹縣,24.78546267,120.9671908,4.7,37,1.教練一對一的訓練，非常有耐心且細節解說。\n2.泳池舒服，沒有不適感。\n3.地點近市區，時間彈性更大。,"https://www.google.com/search?q=%E8%97%8D%E7%81%A3%E6%BD%9B%E6%B0%B4%E8%A8%93%E7%B7%B4%E4%B8%AD%E5%BF%83%0D%0A&hotel_occupancy=2&ei=sIXUZIa9II_ihwOj2b3IBg&ved=0ahUKEwiG1cOnvdGAAxUP8WEKHaNsD2kQ4dUDCA8&uact=5&oq=%E8%97%8D%E7%81%A3%E6%BD%9B%E6%B0%B4%E8%A8%93%E7%B7%B4%E4%B8%AD%E5%BF%83%0D%0A&gs_lp=Egxnd3Mtd2l6LXNlcnAiGeiXjeeBo-a9m-awtOiok-e3tOS4reW_gwpIqxxQ4AxY4AxwAXgBkAEAmAEAoAEAqgEAuAEDyAEA-AEB-AECqAIA4gMEGAAgQYgGAQ&sclient=gws-wiz-serp#lrd=0x346835f4587915f9:0x6db7f0508f3481fa,1,,,,",img/shop_img/52.jpg
亞伯斯科技潛水有限公司,Abs Diving Club,303新竹縣湖口鄉榮光一路198號,https://www.facebook.com/absdiving/,10:00,21:00,火車搭至新豐車站 →步行→到達目的地,北部地區,新竹縣,24.86371537,120.9951844,4.8,12,1.教練專業。\n2.胡教練認真負責。\n3.裝備齊全。,"https://www.google.com/search?q=%E4%BA%9E%E4%BC%AF%E6%96%AF%E7%A7%91%E6%8A%80%E6%BD%9B%E6%B0%B4%E6%9C%89%E9%99%90%E5%85%AC%E5%8F%B8%0D%0A&hotel_occupancy=2&ei=ZofUZParDNOH-QbQ0LiYBg&ved=0ahUKEwj29pz4vtGAAxXTQ94KHVAoDmMQ4dUDCA8&uact=5&oq=%E4%BA%9E%E4%BC%AF%E6%96%AF%E7%A7%91%E6%8A%80%E6%BD%9B%E6%B0%B4%E6%9C%89%E9%99%90%E5%85%AC%E5%8F%B8%0D%0A&gs_lp=Egxnd3Mtd2l6LXNlcnAiIuS6nuS8r-aWr-enkeaKgOa9m-awtOaciemZkOWFrOWPuApIsQtQsQVYsQVwAXgBkAEAmAEAoAEAqgEAuAEDyAEA-AEB-AECqAIA4gMEGAAgQYgGAQ&sclient=gws-wiz-serp#lrd=0x346836a266dee931:0x3f55b60af5ddc7df,1,,,,",img/shop_img/53.jpg
新竹潛水蟲 EOT 潛水訓練中心,EOT Diver Club,304新竹縣新豐鄉仁愛街55巷25號,https://www.divingbugeot.com/,13:00,22:00,公車：新竹客運新竹站→5606經新豐公車→新竹企銀→步行→到達目的地,北部地區,新竹縣,24.87592302,120.9911945,5,22,1.小K老師非常用心指導初階到進階課程。2.教練細心注重細節，但下海實習輕鬆很多。\n3.高品質、高專業的潛水教學。,"https://www.google.com/search?q=%E6%96%B0%E7%AB%B9%E6%BD%9B%E6%B0%B4%E8%9F%B2+EOT+%E6%BD%9B%E6%B0%B4%E8%A8%93%E7%B7%B4%E4%B8%AD%E5%BF%83%0D%0A&hotel_occupancy=2&ei=y4fUZLWXBtKA1e8Pu9KVqAQ&ved=0ahUKEwj1qKuov9GAAxVSQPUHHTtpBUUQ4dUDCA8&uact=5&oq=%E6%96%B0%E7%AB%B9%E6%BD%9B%E6%B0%B4%E8%9F%B2+EOT+%E6%BD%9B%E6%B0%B4%E8%A8%93%E7%B7%B4%E4%B8%AD%E5%BF%83%0D%0A&gs_lp=Egxnd3Mtd2l6LXNlcnAiJ-aWsOeruea9m-awtOifsiBFT1Qg5r2b5rC06KiT57e05Lit5b-DCki5CFChA1ihA3ABeACQAQCYAQCgAQCqAQC4AQPIAQD4AQH4AQKoAgDiAwQYACBBiAYB&sclient=gws-wiz-serp#lrd=0x346831591a74904b:0x67554f27c4eef68c,1,,,,",img/shop_img/54.jpg
亞潮潛水中心,Subtidal Dive,116臺北市文山區興隆路一段235號,https://subtidal.divers.com.tw/index.htm,13:30,21:30,火車：搭至台北車站→步行→台北車站(開封)→羅斯福路幹線公車→憲光公寓→步行→到達目的地,北部地區,臺北市,24.99944394,121.5439311,4.6,133,1.教練專業、細心又有耐心。\n2.上課輕鬆歡樂，有茶水和小點心。\n3.教練們親切專業且有耐心。,"https://www.google.com/search?q=%E4%BA%9E%E6%BD%AE%E6%BD%9B%E6%B0%B4%E4%B8%AD%E5%BF%83%0D%0A&hotel_occupancy=2&ei=JYjUZNfcM42r-QbyyZewCQ&ved=0ahUKEwiXg87Tv9GAAxWNVd4KHfLkBZYQ4dUDCA8&uact=5&oq=%E4%BA%9E%E6%BD%AE%E6%BD%9B%E6%B0%B4%E4%B8%AD%E5%BF%83%0D%0A&gs_lp=Egxnd3Mtd2l6LXNlcnAiE-S6nua9rua9m-awtOS4reW_gwpIyQ5QvQRYpg1wAngBkAEAmAHdAaAB3QGqAQMyLTG4AQPIAQD4AQH4AQKoAgDCAgsQABiABBixAxiDAcICCxAuGIAEGLEDGIMBwgIREC4YgAQYsQMYgwEYxwEY0QPiAwQYACBBiAYB&sclient=gws-wiz-serp#lrd=0x3442a98ac9ca6e47:0x6ca5a0bf49e5c130,1,,,,",img/shop_img/55.jpg
台灣潛水Taipei,TAIWAN DIVE CENTER,220新北市板橋區縣民大道三段187巷14號,https://www.taiwan-dive.com/,15:00,21:00,捷運：搭至江子翠站→步行→到達目的地,北部地區,臺北市,25.02506832,121.4791958,4.2,14,1.專業的潛水教練和總監。\n2.小班制預約教學，教學品質超好。\n3.提供接送服務和優惠的潛水相關用品。,"https://www.google.com/search?q=%E5%8F%B0%E7%81%A3%E6%BD%9B%E6%B0%B4Taipei%0D%0A&hotel_occupancy=2&ei=cojUZKmXOrbr1e8PltuW8AI&ved=0ahUKEwipmLD4v9GAAxW2dfUHHZatBS4Q4dUDCA8&uact=5&oq=%E5%8F%B0%E7%81%A3%E6%BD%9B%E6%B0%B4Taipei%0D%0A&gs_lp=Egxnd3Mtd2l6LXNlcnAiE-WPsOeBo-a9m-awtFRhaXBlaQpImghQ9ANY9ANwAXgBkAEAmAEAoAEAqgEAuAEDyAEA-AEB-AECqAIA4gMEGAAgQYgGAQ&sclient=gws-wiz-serp#lrd=0x3442a844f6bfb47b:0xc4167392bd46cd9d,1,,,,",img/shop_img/56.jpg
海洋芒果潛水裝備專賣店 大安店,Ocean Mango,10664臺北市大安區復興南路二段148巷12號,http://www.ocean-mango.com/,12:30,21:30,"開車1: 復興南路二段往南, 過小李子清粥小菜後紅綠燈右轉即到, 在右手邊.開車2: 復興南路二段往北, 過和平東路後第三個紅綠燈,  148巷右轉即到, 在右手邊.捷運: 科技大樓站出站後向右走, 在 148 巷紅綠燈左轉即到, 在右手邊.",北部地區,臺北市,25.02843153,121.5426961,4.4,284,1.店員服務好。\n2.講解詳細。\n3.商品種類豐富。,"https://www.google.com/search?q=%E6%B5%B7%E6%B4%8B%E8%8A%92%E6%9E%9C%E6%BD%9B%E6%B0%B4%E8%A3%9D%E5%82%99%E5%B0%88%E8%B3%A3%E5%BA%97+%E5%A4%A7%E5%AE%89%E5%BA%97%0D%0A&hotel_occupancy=2&ei=VonUZPfyFqaG2roPhuW-oAU&ved=0ahUKEwj39ejkwNGAAxUmg1YBHYayD1QQ4dUDCA8&uact=5&oq=%E6%B5%B7%E6%B4%8B%E8%8A%92%E6%9E%9C%E6%BD%9B%E6%B0%B4%E8%A3%9D%E5%82%99%E5%B0%88%E8%B3%A3%E5%BA%97+%E5%A4%A7%E5%AE%89%E5%BA%97%0D%0A&gs_lp=Egxnd3Mtd2l6LXNlcnAiLOa1t-a0i-iKkuaenOa9m-awtOijneWCmeWwiOizo-W6lyDlpKflronlupcKSIoHUPsDWPsDcAF4AZABAJgBAKABAKoBALgBA8gBAPgBAfgBAqgCAOIDBBgAIEGIBgE&sclient=gws-wiz-serp#lrd=0x3442aa2c7f31e02f:0x29fb00d678ff9ca3,1,,,,",img/shop_img/57.jpg
Ladiyo Store 自由潛水裝備店,Ladiyo Store,106臺北市大安區忠孝東路四段216巷29號G4,https://www.instagram.com/ladiyo_freediving_store/,13:00,19:00,火車：搭至台北車站→捷運→忠孝敦化→步行→到達目的地,北部地區,臺北市,25.03969416,121.5530052,4.6,18,1.服務專業，價格合理。\n2.多樣選擇，有蛙鞋、面鏡等裝備。\n3.可預約試穿，有專業課程和活動參加。,"https://www.google.com/search?q=Ladiyo+Store+%E8%87%AA%E7%94%B1%E6%BD%9B%E6%B0%B4%E8%A3%9D%E5%82%99%E5%BA%97%0D%0A&hotel_occupancy=2&ei=r4nUZPelJ-7W2roP55CekA0&ved=0ahUKEwi3ubGPwdGAAxVuq1YBHWeIB9IQ4dUDCA8&uact=5&oq=Ladiyo+Store+%E8%87%AA%E7%94%B1%E6%BD%9B%E6%B0%B4%E8%A3%9D%E5%82%99%E5%BA%97%0D%0A&gs_lp=Egxnd3Mtd2l6LXNlcnAiI0xhZGl5byBTdG9yZSDoh6rnlLHmvZvmsLToo53lgpnlupcKSN0JUO4EWO4EcAF4AZABAJgBAKABAKoBALgBA8gBAPgBAfgBAqgCAOIDBBgAIEGIBgE&sclient=gws-wiz-serp#lrd=0x3442ab5dfe572637:0x85788b7e2d9c3aa9,1,,,,",img/shop_img/58.jpg
Water Pro 台北總店,Water Pro,106臺北市大安區忠孝東路四段181巷35弄7號,https://www.facebook.com/WaterPro.Taiwan,12:00,21:00,火車：搭至台北車站→捷運→忠孝敦化→步行→到達目的地,北部地區,臺北市,25.04400044,121.551129,4.6,363,1.配備豐富多樣，包括水肺及自潛裝備。\n2.服務態度很好，沒有跩跩的感覺。\n3.店員耐心且熱心介紹，提供優質服務。,"https://www.google.com/search?q=Water+Pro+%E5%8F%B0%E5%8C%97%E7%B8%BD%E5%BA%97%0D%0A&hotel_occupancy=2&ei=6IrUZPSwIM7t1e8Pi7ip6AY&ved=0ahUKEwj0xMqkwtGAAxXOdvUHHQtcCm0Q4dUDCA8&uact=5&oq=Water+Pro+%E5%8F%B0%E5%8C%97%E7%B8%BD%E5%BA%97%0D%0A&gs_lp=Egxnd3Mtd2l6LXNlcnAiF1dhdGVyIFBybyDlj7DljJfnuL3lupcKSOkHUJYEWJYEcAF4AZABAJgBAKABAKoBALgBA8gBAPgBAfgBAqgCAOIDBBgAIEGIBgE&sclient=gws-wiz-serp#lrd=0x3442abd05daca21d:0x12571563c3689cd,1,,,,",img/shop_img/59.jpg
muii x 男子漢的浪 台北夏季直營店,muii x Waveman,10491臺北市中山區松江路97巷16號2F,https://www.facebook.com/wavemantw/,13:30,21:30,火車：搭至台北車站→步行→臺北車站(鄭州)→218號公車→中山市場→轉乘652號公車→捷運松江南京站→步行→到達目的地,北部地區,臺北市,25.05080848,121.5343231,5,5,1.店員親切。\n2.服務專業。\n3.品項多元。,"https://www.google.com/search?q=muii+x+%E7%94%B7%E5%AD%90%E6%BC%A2%E7%9A%84%E6%B5%AA+%E5%8F%B0%E5%8C%97%E5%A4%8F%E5%AD%A3%E7%9B%B4%E7%87%9F%E5%BA%97%0D%0A&hotel_occupancy=2&ei=OYvUZNO0OsW5hwOG8KHYDw&ved=0ahUKEwiTtbTLwtGAAxXF3GEKHQZ4CPsQ4dUDCA8&uact=5&oq=muii+x+%E7%94%B7%E5%AD%90%E6%BC%A2%E7%9A%84%E6%B5%AA+%E5%8F%B0%E5%8C%97%E5%A4%8F%E5%AD%A3%E7%9B%B4%E7%87%9F%E5%BA%97%0D%0A&gs_lp=Egxnd3Mtd2l6LXNlcnAiLW11aWkgeCDnlLflrZDmvKLnmoTmtaog5Y-w5YyX5aSP5a2j55u054ef5bqXCkjQCFDqA1jqA3ABeAGQAQCYAQCgAQCqAQC4AQPIAQD4AQH4AQKoAgDiAwQYACBBiAYB&sclient=gws-wiz-serp#lrd=0x3442a998b4cd3639:0x6353cded4cef46da,1,,,,",img/shop_img/60.jpg
WATER CROSS 水越企業,WATER CROSS ,104臺北市中山區南京東路二段21巷15號,https://www.watercross.com.tw/,11:30,20:00,近捷運松江南京站步行約10分鐘,北部地區,臺北市,25.05275271,121.5288701,4.9,159,1.水上用品設計好看。\n2.價格合理。\n3.服務親切。,"https://www.google.com/search?q=WATER+CROSS+%E6%B0%B4%E8%B6%8A%E4%BC%81%E6%A5%AD%0D%0A&hotel_occupancy=2&ei=8I7UZJbZDLLS1e8P_LKtgAM&ved=0ahUKEwiWkcOQxtGAAxUyafUHHXxZCzAQ4dUDCA8&uact=5&oq=WATER+CROSS+%E6%B0%B4%E8%B6%8A%E4%BC%81%E6%A5%AD%0D%0A&gs_lp=Egxnd3Mtd2l6LXNlcnAiGVdBVEVSIENST1NTIOawtOi2iuS8gealrQpI2QZQ_gNY_gNwAXgBkAEAmAEAoAEAqgEAuAEDyAEA-AEB-AECqAIA4gMEGAAgQYgGAQ&sclient=gws-wiz-serp#lrd=0x3442a966f9938cc7:0x4ab6be9efd655133,1,,,,",img/shop_img/61.jpg
Water Pro 南西店,Water Pro,10444臺北市中山區南京西路15號四樓新光三越南西三館4樓,https://www.facebook.com/WaterPro.Taiwan,11:00,21:30,高鐵：高鐵台北站→捷運→中山站→步行→到達目的地,北部地區,臺北市,25.05273461,121.5206254,5,301,1.店員介紹詳細，可試戴並消毒面鏡。\n2.服務親切有熱誠，提供專業回饋。\n3.貨品齊全，可電話詢問及多種付款方式。,"https://www.google.com/search?q=Water+Pro+%E5%8D%97%E8%A5%BF%E5%BA%97%0D%0A&hotel_occupancy=2&ei=SY_UZP2KO9CB1e8Pzo2OiAU&ved=0ahUKEwi906m7xtGAAxXQQPUHHc6GA1EQ4dUDCA8&uact=5&oq=Water+Pro+%E5%8D%97%E8%A5%BF%E5%BA%97%0D%0A&gs_lp=Egxnd3Mtd2l6LXNlcnAiFFdhdGVyIFBybyDljZfopb_lupcKSLwOUOkIWOkIcAJ4AZABAJgBAKABAKoBALgBA8gBAPgBAfgBAqgCAMICChAAGEcY1gQYsAPiAwQYACBBiAYBkAYC&sclient=gws-wiz-serp#lrd=0x3442a9bb1414ddd1:0xde74eb1fbf95be8a,1,,,,",img/shop_img/62.jpg
High Bar Scuba 海8潛水中心,High Bar Scuba,10491臺北市中山區中山北路二段183之6號,https://www.highbarscuba.com/,11:00,20:00,高鐵：高鐵台北站→步行→台北車站(鄭州)→260號公車→大同公司(晴光市場)→步行→到達目的地,北部地區,臺北市,25.0636176,121.5229182,5,99,1.水肺複習很仔細，非常推薦。\n2.出團出租的裝備都非常好非常新。\n3.店員細心幫忙介紹，東西齊全專業的市區潛店。,"https://www.google.com/search?q=High+Bar+Scuba+%E6%B5%B78%E6%BD%9B%E6%B0%B4%E4%B8%AD%E5%BF%83%0D%0A&hotel_occupancy=2&ei=no_UZOS8O9CSoAS9xan4Bg&ved=0ahUKEwjkg-7jxtGAAxVQCYgKHb1iCm8Q4dUDCA8&uact=5&oq=High+Bar+Scuba+%E6%B5%B78%E6%BD%9B%E6%B0%B4%E4%B8%AD%E5%BF%83%0D%0A&gs_lp=Egxnd3Mtd2l6LXNlcnAiIEhpZ2ggQmFyIFNjdWJhIOa1tzjmvZvmsLTkuK3lv4MKSLIIUPgCWPgCcAF4AZABAJgBAKABAKoBALgBA8gBAPgBAfgBAqgCAOIDBBgAIEGIBgE&sclient=gws-wiz-serp#lrd=0x3442a93ec29dc747:0xf7780c3091b2f038,1,,,,",img/shop_img/63.jpg
台北樂潛 潛水中心,Taipei FunDive,104臺北市中山區農安街125巷2號,https://www.facebook.com/TaipeiFunDive/,10:00,21:00,高鐵：高鐵台北站→步行→台北車站→捷運→民權西路→225號公車→民權吉林路口→步行→到達目的地,北部地區,臺北市,25.06518822,121.5297166,5,15,1.教練耐心且提醒注意事項，裝備乾淨不用擔心。\n2.教練用心，裝備保養良好，夏天不怕沒水潛。\n3.教練專業細心，喜歡水下攝影，分享潛水知識。,"https://www.google.com/search?q=%E5%8F%B0%E5%8C%97%E6%A8%82%E6%BD%9B+%E6%BD%9B%E6%B0%B4%E4%B8%AD%E5%BF%83%0D%0A&hotel_occupancy=2&ei=94_UZKmGCs7m-Qa8_IWIBw&ved=0ahUKEwjp3fSNx9GAAxVOc94KHTx-AXEQ4dUDCA8&uact=5&oq=%E5%8F%B0%E5%8C%97%E6%A8%82%E6%BD%9B+%E6%BD%9B%E6%B0%B4%E4%B8%AD%E5%BF%83%0D%0A&gs_lp=Egxnd3Mtd2l6LXNlcnAiGuWPsOWMl-aogua9myDmvZvmsLTkuK3lv4MKSNIJULwEWLwEcAF4AZABAJgBAKABAKoBALgBA8gBAPgBAfgBAqgCAOIDBBgAIEGIBgE&sclient=gws-wiz-serp#lrd=0x3442a9d570ccb0b1:0x72f4479529727732,1,,,,",img/shop_img/64.jpg
海世界貿易有限公司,null,10491臺北市中山區德惠街89號,http://www.scubatec.com.tw/,10:00,20:30,火車：搭至台北車站→步行→臺北車站(鄭州)→310號公車→大同大學→步行→到達目的地,北部地區,臺北市,25.06670945,121.5287038,4.5,46,1.器材齊全。\n2.價格公道。\n3.老闆親切熱心。,"https://www.google.com/search?q=%E6%B5%B7%E4%B8%96%E7%95%8C%E8%B2%BF%E6%98%93%E6%9C%89%E9%99%90%E5%85%AC%E5%8F%B8%0D%0A&hotel_occupancy=2&ei=WpDUZKi9DIzU1e8P4aih4AM&ved=0ahUKEwio0pG9x9GAAxUMavUHHWFUCDwQ4dUDCA8&uact=5&oq=%E6%B5%B7%E4%B8%96%E7%95%8C%E8%B2%BF%E6%98%93%E6%9C%89%E9%99%90%E5%85%AC%E5%8F%B8%0D%0A&gs_lp=Egxnd3Mtd2l6LXNlcnAiHOa1t-S4lueVjOiyv-aYk-aciemZkOWFrOWPuApI0QtQ_AVY_AVwAngAkAEAmAEAoAEAqgEAuAEDyAEA-AEB-AECqAIA4gMEGAAgQYgGAQ&sclient=gws-wiz-serp#lrd=0x3442a950f4077861:0x4cf36c3f84874809,1,,,,",img/shop_img/65.jpg
鬥陣潛水,Join Diving Center,115臺北市南港區玉成街40號,https://www.joindiving.com.tw/h/index?key=656715000196,10:00,22:00,捷運：搭乘捷運至後山埤→步行→到達目的地,北部地區,臺北市,25.04873548,121.5812973,4.8,181,1.教練專業，下水前巡視裝備，下水後保證安全。\n2.鬥陣潛水在全台潛點都有很棒的體驗，價格實惠。\n3.教練們細心教導，讓人感到放心，還有貼心的服務。,"https://www.google.com/search?q=%E9%AC%A5%E9%99%A3%E6%BD%9B%E6%B0%B4%0D%0A&hotel_occupancy=2&ei=ppDUZPahObLc1e8P0OKtqAE&ved=0ahUKEwj2jN3hx9GAAxUybvUHHVBxCxUQ4dUDCA8&uact=5&oq=%E9%AC%A5%E9%99%A3%E6%BD%9B%E6%B0%B4%0D%0A&gs_lp=Egxnd3Mtd2l6LXNlcnAiDemspemZo-a9m-awtApIhQdQsQNYsQNwAXgBkAEAmAEAoAEAqgEAuAEDyAEA-AEB-AECqAIA4gMEGAAgQYgGAQ&sclient=gws-wiz-serp#lrd=0x3442ab9e0a5bcf41:0xeaf4d9428a35aeff,1,,,,",img/shop_img/66.jpg
藍色海,null,115臺北市南港區玉成街40號,無,11:00,21:00,捷運：搭乘捷運至後山埤→步行→到達目的地,北部地區,臺北市,25.04875761,121.5813932,null,null,無,無,img/shop_img/67.jpg
潛水貨倉,DIVE HOUSE,115臺北市南港區八德路四段768巷1弄20號B1,http://divehouse.com.tw/,13:30,21:00,火車:搭乘至松山車站，走路五分鐘即可抵達。捷運:搭乘松山新店線至捷運松山站，走路五分鐘即可抵達。,北部地區,臺北市,25.05029002,121.5814322,4.4,224,1.店員介紹細心。\n2.提供合適裝備。\n3.親切服務。,"https://www.google.com/search?q=%E6%BD%9B%E6%B0%B4%E8%B2%A8%E5%80%89%0D%0A&hotel_occupancy=2&ei=WJHUZO3oJsPXhwPno4bQAQ&ved=0ahUKEwjt9Lq2yNGAAxXD62EKHeeRARoQ4dUDCA8&uact=5&oq=%E6%BD%9B%E6%B0%B4%E8%B2%A8%E5%80%89%0D%0A&gs_lp=Egxnd3Mtd2l6LXNlcnAiDea9m-awtOiyqOWAiQpIjgdQ1wJY1wJwAXgBkAEAmAEAoAEAqgEAuAEDyAEA-AEB-AECqAIA4gMEGAAgQYgGAQ&sclient=gws-wiz-serp#lrd=0x3442ab9d94e4362d:0xa068d656dedc4359,1,,,,",img/shop_img/68.jpg
Aropec潛水衝浪溯溪游泳三鐵戶外運動(台北店),Aropec,115臺北市南港區忠孝東路六段390號,https://aropec.tw/,12:00,21:00,捷運：搭乘捷運至昆陽站→步行→到達目的地,北部地區,臺北市,25.04982275,121.5922813,4.9,409,1.店員服務好，解說仔細。\n2.物品實在且好用，價格優惠。\n3.毛巾衣的選擇眾多，潛水商品選擇也很多。,"https://www.google.com/search?q=Aropec%E6%BD%9B%E6%B0%B4%E8%A1%9D%E6%B5%AA%E6%BA%AF%E6%BA%AA%E6%B8%B8%E6%B3%B3%E4%B8%89%E9%90%B5%E6%88%B6%E5%A4%96%E9%81%8B%E5%8B%95%28%E5%8F%B0%E5%8C%97%E5%BA%97%29%0D%0A&hotel_occupancy=2&ei=lJHUZILpCZGz2roPwMS_WA&ved=0ahUKEwiCg-zSyNGAAxWRmVYBHUDiDwsQ4dUDCA8&uact=5&oq=Aropec%E6%BD%9B%E6%B0%B4%E8%A1%9D%E6%B5%AA%E6%BA%AF%E6%BA%AA%E6%B8%B8%E6%B3%B3%E4%B8%89%E9%90%B5%E6%88%B6%E5%A4%96%E9%81%8B%E5%8B%95%28%E5%8F%B0%E5%8C%97%E5%BA%97%29%0D%0A&gs_lp=Egxnd3Mtd2l6LXNlcnAiPEFyb3BlY-a9m-awtOihnea1qua6r-a6qua4uOazs-S4iemQteaItuWklumBi-WLlSjlj7DljJflupcpCkirCFDbA1jbA3ABeAGQAQCYAQCgAQCqAQC4AQPIAQD4AQH4AQKoAgDiAwQYACBBiAYB&sclient=gws-wiz-serp#lrd=0x3442ac0e48654c11:0xb15edb780f40366e,1,,,,",img/shop_img/69.jpg
Scuba Warehouse Taiwan 專業潛水裝備店,Scuba Warehouse Taiwan,11469臺北市內湖區行善路168巷,https://scubawarehouse.com.tw/,11:00,20:00,開車/騎車 : 本店門口有足夠的停車位或附近也有付費路邊停車位捷運 :南京復興站（文湖線）或 松山站（松山-新店線）公車站 :南京幹線 – （南京舊宗路口 ）紅25  – （南京舊宗路口）204  – （舊宗路一段*行善*）,北部地區,臺北市,25.05887184,121.5787776,5,494,1.店面很大，環境舒適，產品裝備多樣化。\n2.超優潛水設備店家。\n3.謝謝Jerry店長耐心又專業。,"https://www.google.com/search?q=Scuba+Warehouse+Taiwan+%E5%B0%88%E6%A5%AD%E6%BD%9B%E6%B0%B4%E8%A3%9D%E5%82%99%E5%BA%97%0D%0A&hotel_occupancy=2&ei=-ZHUZPzLAaDd2roPrPin0AQ&ved=0ahUKEwi8rPiCydGAAxWgrlYBHSz8CUoQ4dUDCA8&uact=5&oq=Scuba+Warehouse+Taiwan+%E5%B0%88%E6%A5%AD%E6%BD%9B%E6%B0%B4%E8%A3%9D%E5%82%99%E5%BA%97%0D%0A&gs_lp=Egxnd3Mtd2l6LXNlcnAiLVNjdWJhIFdhcmVob3VzZSBUYWl3YW4g5bCI5qWt5r2b5rC06KOd5YKZ5bqXCkiUB1DHAljHAnABeAGQAQCYAQCgAQCqAQC4AQPIAQD4AQH4AQKoAgDiAwQYACBBiAYB&sclient=gws-wiz-serp#lrd=0x3442abba8ca2651f:0x7e988ec6052f93b6,1,,,,",img/shop_img/70.jpg
SSO SPORTS潛水滑雪裝備店,SSO Sports,114臺北市內湖區行忠路6號1樓,https://www.facebook.com/SSOTPE,11:00,20:00,火車：搭至松山車站→綠16公車→行忠路口→步行→到達目的地,北部地區,臺北市,25.0650604,121.5773558,4.9,52,1.店員很親切！\n2.商品品質好又好看！\n3.價格也比大部分的網路平台便宜，又能在直接看到實體，值得來店面選購。,"https://www.google.com/search?q=SSO+SPORTS%E6%BD%9B%E6%B0%B4%E6%BB%91%E9%9B%AA%E8%A3%9D%E5%82%99%E5%BA%97%0D%0A&hotel_occupancy=2&ei=TJLUZMvIDOey2roP3OGD0A8&ved=0ahUKEwjLns2qydGAAxVnmVYBHdzwAPoQ4dUDCA8&uact=5&oq=SSO+SPORTS%E6%BD%9B%E6%B0%B4%E6%BB%91%E9%9B%AA%E8%A3%9D%E5%82%99%E5%BA%97%0D%0A&gs_lp=Egxnd3Mtd2l6LXNlcnAiIFNTTyBTUE9SVFPmvZvmsLTmu5Hpm6roo53lgpnlupcKSIgJUL4DWL4DcAF4AZABAJgBAKABAKoBALgBA8gBAPgBAfgBAqgCAOIDBBgAIEGIBgE&sclient=gws-wiz-serp#lrd=0x3442ab7127da9e09:0xc7d7ce3644ee94ed,1,,,,",img/shop_img/71.jpg
iDiving 愛潛水,iDiving,111臺北市士林區前港街8號,https://www.idiving.com.tw/#/,14:00,22:00,搭乘捷運或公車步行5分鐘即可抵達,北部地區,臺北市,25.08472451,121.5229722,4.9,331,1.教練們很仔細講解，有問題也會詳細再解釋。\n2.教練們平易近人，上課過程輕鬆自在無壓力。\n3.教練教學認真又有耐心，且隨時關心學員狀況。,"https://www.google.com/search?q=iDiving+%E6%84%9B%E6%BD%9B%E6%B0%B4%0D%0A&hotel_occupancy=2&ei=qpLUZMyUFImZ2roPgrG10AY&ved=0ahUKEwjMkb7XydGAAxWJjFYBHYJYDWoQ4dUDCA8&uact=5&oq=iDiving+%E6%84%9B%E6%BD%9B%E6%B0%B4%0D%0A&gs_lp=Egxnd3Mtd2l6LXNlcnAiEmlEaXZpbmcg5oSb5r2b5rC0Cki_CFD6Alj6AnABeAGQAQCYAQCgAQCqAQC4AQPIAQD4AQH4AQKoAgDiAwQYACBBiAYB&sclient=gws-wiz-serp#lrd=0x3442aeb19cfb73bb:0x8de3cdceabbe6ef6,1,,,,",img/shop_img/72.jpg
海人選品,Ocean Man Shopping,111臺北市士林區中山北路七段140巷4號1樓,https://www.omshopping.com.tw/,12:00,21:00,火車：搭至台北車站→捷運→石牌→步行→綜合市場→重慶幹線公車→天母→步行→到達目的地,北部地區,臺北市,25.1229824,121.5324711,4.6,37,1.東西種類豐富。\n2.老闆人好。\n3.店內環境舒適明亮。,"https://www.google.com/search?q=%E6%B5%B7%E4%BA%BA%E9%81%B8%E5%93%81%0D%0A&hotel_occupancy=2&ei=C5PUZP3bO_WF2roP8oKFuAM&ved=0ahUKEwi9jYaGytGAAxX1glYBHXJBATcQ4dUDCA8&uact=5&oq=%E6%B5%B7%E4%BA%BA%E9%81%B8%E5%93%81%0D%0A&gs_lp=Egxnd3Mtd2l6LXNlcnAiDea1t-S6uumBuOWTgQpItAhQ-gNY-gNwAXgBkAEAmAEAoAEAqgEAuAEDyAEA-AEB-AECqAIA4gMEGAAgQYgGAQ&sclient=gws-wiz-serp#lrd=0x3442ac0f34ae54d5:0xce9f885dd00ea47f,1,,,,",img/shop_img/73.jpg
越琳浮潛泳具品,null,237新北市三峽區成福路162號,無,09:00,20:00,捷運：搭乘捷運至永寧站→藍45公車→駱駝潭→到達目的地,北部地區,新北市,24.92808123,121.4241382,5,6,1.態度服務佳！\n2.東西便宜。\n3.這邊也可以買到他們的手電筒及魚叉，商品很多。,"https://www.google.com/search?q=%E8%B6%8A%E7%90%B3%E6%B5%AE%E6%BD%9B%E6%B3%B3%E5%85%B7%E5%93%81&oq=%E8%B6%8A%E7%90%B3%E6%B5%AE%E6%BD%9B%E6%B3%B3%E5%85%B7%E5%93%81&aqs=chrome.0.69i59j0i546l5.566j0j7&sourceid=chrome&ie=UTF-8#lrd=0x34681b5e406ed39f:0xbc9169a8f60caabd,1,,,,",img/shop_img/74.jpg
IDiver海怪水下－潛水概念店(自由潛水專賣店),Idiver,236新北市土城區慶利街3號,https://www.idiver.com.tw/,14:00,20:30,捷運：搭乘捷運至永寧站→藍43延駛南天母公車→中華中學一→步行→到達目的地,北部地區,新北市,24.97350161,121.4398252,4.9,104,1.潛水用品種類繁多。\n2.門市小姐服務很好，非常有耐心。\n3.很舒適的空間，服務佳，值得推薦。,"https://www.google.com/search?q=IDiver%E6%B5%B7%E6%80%AA%E6%B0%B4%E4%B8%8B%EF%BC%8D%E6%BD%9B%E6%B0%B4%E6%A6%82%E5%BF%B5%E5%BA%97%28%E8%87%AA%E7%94%B1%E6%BD%9B%E6%B0%B4%E5%B0%88%E8%B3%A3%E5%BA%97%29%0D%0A&sca_esv=555716531&ei=PJHVZOjrN9Xs1e8P_teK8Ac&ved=0ahUKEwjo-Z67vNOAAxVVdvUHHf6rAn4Q4dUDCA8&uact=5&oq=IDiver%E6%B5%B7%E6%80%AA%E6%B0%B4%E4%B8%8B%EF%BC%8D%E6%BD%9B%E6%B0%B4%E6%A6%82%E5%BF%B5%E5%BA%97%28%E8%87%AA%E7%94%B1%E6%BD%9B%E6%B0%B4%E5%B0%88%E8%B3%A3%E5%BA%97%29%0D%0A&gs_lp=Egxnd3Mtd2l6LXNlcnAiPElEaXZlcua1t-aAquawtOS4i--8jea9m-awtOamguW_teW6lyjoh6rnlLHmvZvmsLTlsIjos6PlupcpCkjxDFCNCFiNCHACeACQAQCYAQCgAQCqAQC4AQPIAQD4AQH4AQKoAgDiAwQYASBBiAYB&sclient=gws-wiz-serp#lrd=0x346803a32a38b257:0xba02164b8d0afac4,1,,,,",img/shop_img/75.jpg
891新莊潛水家,null,242新北市新莊區中正路891之29號2樓,http://891diving.weebly.com/,10:00,20:00,火車：搭至樹林火車站→712號公車→中正龍安路口→步行→到達目的地,北部地區,新北市,25.02344546,121.4149638,4.9,18,1.蛙鞋cp值高，舒適好踢。\n2.潛水用品多樣，品質好而且價格實惠。\n3.環境舒適，專業的潛水活動資訊和安排。,"https://www.google.com/search?q=891%E6%96%B0%E8%8E%8A%E6%BD%9B%E6%B0%B4%E5%AE%B6%0D%0A&sca_esv=555716531&ei=4ZHVZNSvMZeSoASThJCwDA&ved=0ahUKEwiUpO-JvdOAAxUXCYgKHRMCBMYQ4dUDCA8&uact=5&oq=891%E6%96%B0%E8%8E%8A%E6%BD%9B%E6%B0%B4%E5%AE%B6%0D%0A&gs_lp=Egxnd3Mtd2l6LXNlcnAiEzg5MeaWsOiOiua9m-awtOWutgpIwwpQrAVYrAVwAXgBkAEAmAEAoAEAqgEAuAEDyAEA-AEB-AECqAIA4gMEGAAgQYgGAQ&sclient=gws-wiz-serp#lrd=0x3442a703987d8ab5:0xb843c8c3688668e6,1,,,,",img/shop_img/76.jpg
龍潛國際有限公司 LOONG DIVE INTERNATIONAL,LOONG DIVE INTERNATIONAL,248新北市五股區登林路77巷25號,無,09:30,18:30,捷運：搭乘捷運至幸福站→813號公車→遠東物流→轉乘803號公車→登林路→步行→到達目的地,北部地區,新北市,25.06920881,121.4259134,4.9,16,1.價格優惠品質好。\n2.品質好、服務好、專業。\n3.專業的潛水設備廠商。,"https://www.google.com/search?q=%E9%BE%8D%E6%BD%9B%E5%9C%8B%E9%9A%9B%E6%9C%89%E9%99%90%E5%85%AC%E5%8F%B8+LOONG+DIVE+INTERNATIONAL%0D%0A&sca_esv=555716531&ei=bJLVZNHkM9Xb-Qbwi5jgCg&ved=0ahUKEwjRypXMvdOAAxXVbd4KHfAFBqwQ4dUDCA8&uact=5&oq=%E9%BE%8D%E6%BD%9B%E5%9C%8B%E9%9A%9B%E6%9C%89%E9%99%90%E5%85%AC%E5%8F%B8+LOONG+DIVE+INTERNATIONAL%0D%0A&gs_lp=Egxnd3Mtd2l6LXNlcnAiMum-jea9m-Wci-mam-aciemZkOWFrOWPuCBMT09ORyBESVZFIElOVEVSTkFUSU9OQUwKSNIJUOEDWOEDcAF4AJABAJgBAKABAKoBALgBA8gBAPgBAfgBAqgCAOIDBBgAIEGIBgE&sclient=gws-wiz-serp#lrd=0x3442a63761ef4bbf:0xe45db79e1876a907,1,,,,",img/shop_img/77.jpg
Dive Express(DE工作室)-請先預約,Dive Express,24864新北市五股區芳洲五路86號,https://www.facebook.com/DiveExpress,無,無,捷運：搭乘捷運至泰山站→F212副線公車→遠東物流→轉乘880號公車→坑口→步行→到達目的地,北部地區,新北市,25.08644336,121.4458569,4.5,17,1.價格公道CP值高。\n2.闆娘親切，店裡陳列的商品很美!\n3.推薦有需要的潛友來此處購買裝備。,"https://www.google.com/search?q=Dive+Express%28DE%E5%B7%A5%E4%BD%9C%E5%AE%A4%29-%E8%AB%8B%E5%85%88%E9%A0%90%E7%B4%84%0D%0A&sca_esv=555716531&ei=mZPVZPK_O6ff1e8P_9OwwA4&ved=0ahUKEwiy8ODbvtOAAxWnb_UHHf8pDOgQ4dUDCA8&uact=5&oq=Dive+Express%28DE%E5%B7%A5%E4%BD%9C%E5%AE%A4%29-%E8%AB%8B%E5%85%88%E9%A0%90%E7%B4%84%0D%0A&gs_lp=Egxnd3Mtd2l6LXNlcnAiJ0RpdmUgRXhwcmVzcyhEReW3peS9nOWupCkt6KuL5YWI6aCQ57SECkjfCVD9BFj9BHABeAGQAQCYAQCgAQCqAQC4AQPIAQD4AQH4AQKoAgDiAwQYACBBiAYB&sclient=gws-wiz-serp#lrd=0x3442a9bbf5281e11:0x951ec7d2b02bb85f,1,,,,",img/shop_img/78.jpg
Water Pro 宏匯百貨店,Water Pro,24250新北市新莊區新北大道四段3號4樓,https://www.facebook.com/WaterPro.Taiwan,11:00,21:30,捷運搭乘至新莊副都心站，出站走七分鐘即可到達目的地,北部地區,新北市,25.05951977,121.4494915,5,219,1.店裡東西非常齊全。\n2.服務人員超級親切，會按照個人需求介紹合適的物品。\n3.價格上也很優惠。,"https://www.google.com/search?q=Water+Pro+%E5%AE%8F%E5%8C%AF%E7%99%BE%E8%B2%A8%E5%BA%97%0D%0A&sca_esv=555716531&ei=7JPVZJWAGL_m1e8P0d2y0AQ&ved=0ahUKEwiVpoeDv9OAAxU_c_UHHdGuDEoQ4dUDCA8&uact=5&oq=Water+Pro+%E5%AE%8F%E5%8C%AF%E7%99%BE%E8%B2%A8%E5%BA%97%0D%0A&gs_lp=Egxnd3Mtd2l6LXNlcnAiGldhdGVyIFBybyDlro_ljK_nmb7osqjlupcKSJ0JULsEWLsEcAF4AJABAJgBAKABAKoBALgBA8gBAPgBAfgBAqgCAOIDBBgAIEGIBgE&sclient=gws-wiz-serp#lrd=0x3442a9abf555188b:0xf89b6e3b250c23dc,1,,,,",img/shop_img/79.jpg
海玩子潛水訓練中心 Ocean Player Diving Center,Oceanplayer SCUBA Diving Center,220新北市板橋區光武街136巷8弄6號1樓,http://ocean-player.blogspot.com/,11:00,21:00,火車：搭至板橋火車站→捷運→江子翠站→步行→到達目的地,北部地區,新北市,25.02983494,121.4660381,4.6,23,1.教練資深、專業、細心。\n2.設備齊全、店內潛水用具價格合理。\n3.老闆服務真的很好又周到。,"https://www.google.com/search?q=%E6%B5%B7%E7%8E%A9%E5%AD%90%E6%BD%9B%E6%B0%B4%E8%A8%93%E7%B7%B4%E4%B8%AD%E5%BF%83+Ocean+Player+Diving+Center%0D%0A&sca_esv=555716531&ei=cpTVZLQIltjV7w-3y53wCw&ved=0ahUKEwi0ieLCv9OAAxUWbPUHHbdlB74Q4dUDCA8&uact=5&oq=%E6%B5%B7%E7%8E%A9%E5%AD%90%E6%BD%9B%E6%B0%B4%E8%A8%93%E7%B7%B4%E4%B8%AD%E5%BF%83+Ocean+Player+Diving+Center%0D%0A&gs_lp=Egxnd3Mtd2l6LXNlcnAiN-a1t-eOqeWtkOa9m-awtOiok-e3tOS4reW_gyBPY2VhbiBQbGF5ZXIgRGl2aW5nIENlbnRlcgpIjwpQugRYugRwAXgBkAEAmAEAoAEAqgEAuAEDyAEA-AEB-AECqAIA4gMEGAAgQYgGAQ&sclient=gws-wiz-serp#lrd=0x3442a86ae6af5bf5:0x19816151575954d0,1,,,,",img/shop_img/80.jpg
悠潛潛水,U-Diving,242新北市新莊區頭前路No. 60-3號,https://www.u-diving.com.tw/index.html,14:00,20:00,公車：搭乘至頭前國小後，步行兩分鐘即可到達目的地,北部地區,新北市,25.05252437,121.4668085,4.6,286,1.服務員擅於推銷、解說商品。\n2.價格真的很優惠。\n3.店內還有幾隻可愛的貓貓。,"https://www.google.com/search?q=%E6%82%A0%E6%BD%9B%E6%BD%9B%E6%B0%B4%0D%0A&sca_esv=555716531&ei=ApXVZL2DEIznwQPDypfQBA&ved=0ahUKEwi9jMeHwNOAAxWMc3AKHUPlBUoQ4dUDCA8&uact=5&oq=%E6%82%A0%E6%BD%9B%E6%BD%9B%E6%B0%B4%0D%0A&gs_lp=Egxnd3Mtd2l6LXNlcnAiDeaCoOa9m-a9m-awtApI-wpQpgVYpgVwAXgAkAEAmAEAoAEAqgEAuAEDyAEA-AEB-AECqAIA4gMEGAAgQYgGAQ&sclient=gws-wiz-serp#lrd=0x3442a88b3b52b5b9:0x5ee9a7d1c8c3c68d,1,,,,",img/shop_img/81.jpg
飛漩潛水,Fashion Diving,247新北市蘆洲區中山二路137巷9號1樓,https://fashiondiving.mystrikingly.com/?fbclid=IwAR1EuVuuU1y4GeNHge7TKptBc4EiQC_4pjOuAwOBq6e_7NCDYGRbD4EEV9w,13:00,21:00,高鐵：板橋高鐵站→步行→板橋車站(文化路)→806號公車→蘆洲監理站(中正路)→步行→到達目的地,北部地區,新北市,25.08124019,121.4720644,5,15,1.教練專業又親切。\n2.考照經驗很棒。\n3.有耐心指導。,"https://www.google.com/search?q=%E9%A3%9B%E6%BC%A9%E6%BD%9B%E6%B0%B4%0D%0A&sca_esv=555716531&ei=wJXVZJrnE9alhwOsm7bQBQ&ved=0ahUKEwiax5fiwNOAAxXW0mEKHayNDVoQ4dUDCA8&uact=5&oq=%E9%A3%9B%E6%BC%A9%E6%BD%9B%E6%B0%B4%0D%0A&gs_lp=Egxnd3Mtd2l6LXNlcnAiDemjm-a8qea9m-awtApIswtQwgVYwgVwAXgBkAEAmAEAoAEAqgEAuAEDyAEA-AEB-AECqAIA4gMEGAAgQYgGAQ&sclient=gws-wiz-serp#lrd=0x3442a9103663679d:0xe843ab475ed5a688,1,,,,",img/shop_img/82.jpg
日榮潛泳用品有限公司,null,241新北市三重區溪尾街108巷52號,https://www.facebook.com/profile.php?id=100057685770766,11:00,21:00,火車：台北火車站→步行→台北車站(忠孝)→藍1公車→捷運三和國中站→步行→到達目的地,北部地區,新北市,25.0781192,121.4874227,4.8,4,1.產品品質好。\n2.價格合理。\n3.老闆待人親切。,"https://www.google.com/search?q=%E6%97%A5%E6%A6%AE%E6%BD%9B%E6%B3%B3%E7%94%A8%E5%93%81%E6%9C%89%E9%99%90%E5%85%AC%E5%8F%B8%0D%0A&sca_esv=555716531&ei=rpjVZKO4M9KA1e8PgNaZ4AE&ved=0ahUKEwijx4fIw9OAAxVSQPUHHQBrBhwQ4dUDCA8&uact=5&oq=%E6%97%A5%E6%A6%AE%E6%BD%9B%E6%B3%B3%E7%94%A8%E5%93%81%E6%9C%89%E9%99%90%E5%85%AC%E5%8F%B8%0D%0A&gs_lp=Egxnd3Mtd2l6LXNlcnAiH-aXpeamrua9m-azs-eUqOWTgeaciemZkOWFrOWPuApI1QlQvwRYvwRwAXgAkAEAmAEAoAEAqgEAuAEDyAEA-AEB-AECqAIA4gMEGAAgQYgGAQ&sclient=gws-wiz-serp#lrd=0x3442a8d716f2415f:0x4974acf02cd0f785,1,,,,",img/shop_img/83.jpg
逐海俱樂部潛水訓練中心,Ocean Tracer Club,241新北市三重區富華街81號1樓,https://www.facebook.com/oceantracerclub,11:30,23:30,火車：台北火車站→步行→台北車站(鄭州)→669號公車→五華國小→步行→到達目的地,北部地區,新北市,25.0838621,121.4918339,3.8,4,1.價格不透明。\n2.教練根本沒在顧。\n3.無。,"https://www.google.com/search?q=%E9%80%90%E6%B5%B7%E4%BF%B1%E6%A8%82%E9%83%A8%E6%BD%9B%E6%B0%B4%E8%A8%93%E7%B7%B4%E4%B8%AD%E5%BF%83%0D%0A&sca_esv=555716531&ei=GJnVZKOYA4Op-QaO3YeQAg&ved=0ahUKEwijhJ36w9OAAxWDVN4KHY7uASIQ4dUDCA8&uact=5&oq=%E9%80%90%E6%B5%B7%E4%BF%B1%E6%A8%82%E9%83%A8%E6%BD%9B%E6%B0%B4%E8%A8%93%E7%B7%B4%E4%B8%AD%E5%BF%83%0D%0A&gs_lp=Egxnd3Mtd2l6LXNlcnAiIumAkOa1t-S_seaogumDqOa9m-awtOiok-e3tOS4reW_gwpI3ApQrAVYrAVwAXgAkAEAmAEAoAEAqgEAuAEDyAEA-AEB-AECqAIA4gMEGAAgQYgGAQ&sclient=gws-wiz-serp#lrd=0x3442a8b90bf41197:0x68b77a28dabc3006,1,,,,",img/shop_img/84.jpg
三來潛水,null,220新北市板橋區中山路二段513號,https://www.facebook.com/aquaprince.tw/,09:30, 18:00 ,高鐵：板橋高鐵站→步行→新北板橋公車站→234號公車→光復橋→步行→到達目的地,北部地區,新北市,25.02115606,121.4828233,4.8,10,1.老闆很好。\n2.東西不錯。\n3.很棒。,"https://www.google.com/search?q=%E4%B8%89%E4%BE%86%E6%BD%9B%E6%B0%B4%0D%0A&sca_esv=555716531&ei=i5nVZIKyJYjP1e8PpdS-kAY&ved=0ahUKEwjCo6qxxNOAAxWIZ_UHHSWqD2IQ4dUDCA8&uact=5&oq=%E4%B8%89%E4%BE%86%E6%BD%9B%E6%B0%B4%0D%0A&gs_lp=Egxnd3Mtd2l6LXNlcnAiDeS4ieS-hua9m-awtApIowtQygRYygRwAXgAkAEAmAEAoAEAqgEAuAEDyAEA-AEB-AECqAIA4gMEGAAgQYgGAQ&sclient=gws-wiz-serp#lrd=0x3442a836fe221791:0x6fd9899cf1aaac9,1,,,,",img/shop_img/85.jpg
gogoscuba 台灣最大潛水裝備商城,gogoscuba,235新北市中和區建八路231-1號,https://gogoscuba.com/,09:00,20:00,火車：板橋火車站→步行→新北板橋公車站→897號公車→中和保養廠→步行→到達目的地,北部地區,新北市,25.00001552,121.4912299,5,145,1.服務及介紹都非常的好。\n2.老闆講解非常仔細。\n3.商品多元可挑選。,"https://www.google.com/search?q=gogoscuba+%E5%8F%B0%E7%81%A3%E6%9C%80%E5%A4%A7%E6%BD%9B%E6%B0%B4%E8%A3%9D%E5%82%99%E5%95%86%E5%9F%8E%0D%0A&sca_esv=555716531&ei=I5rVZNCvNPWU2roP4aWriAs&ved=0ahUKEwiQzfb5xNOAAxV1ilYBHeHSCrEQ4dUDCA8&uact=5&oq=gogoscuba+%E5%8F%B0%E7%81%A3%E6%9C%80%E5%A4%A7%E6%BD%9B%E6%B0%B4%E8%A3%9D%E5%82%99%E5%95%86%E5%9F%8E%0D%0A&gs_lp=Egxnd3Mtd2l6LXNlcnAiKWdvZ29zY3ViYSDlj7DngaPmnIDlpKfmvZvmsLToo53lgpnllYbln44KSP4JUOgEWOgEcAF4AJABAJgBAKABAKoBALgBA8gBAPgBAfgBAqgCAOIDBBgAIEGIBgE&sclient=gws-wiz-serp#lrd=0x3442a9eee92d726b:0x92309463f7c6c613,1,,,,",img/shop_img/86.jpg
藍星海洋潛水俱樂部,blue galaxsea,235新北市中和區南山路27號,https://www.bluegalaxsea.com/#/,11:00, 20:00 ,公車 -中和派出所站,北部地區,新北市,24.99905067,121.5022929,5,43,1.教練們很有耐心且課程講解仔細。\n2.手機服務態度很好且換電池很快。\n3.老闆服務好且親切。,"https://www.google.com/search?q=%E8%97%8D%E6%98%9F%E6%B5%B7%E6%B4%8B%E6%BD%9B%E6%B0%B4%E4%BF%B1%E6%A8%82%E9%83%A8%0D%0A&sca_esv=555716531&ei=nJrVZPPaH8_rwQOl2qfIBA&ved=0ahUKEwjzmLuzxdOAAxXPdXAKHSXtCUkQ4dUDCA8&uact=5&oq=%E8%97%8D%E6%98%9F%E6%B5%B7%E6%B4%8B%E6%BD%9B%E6%B0%B4%E4%BF%B1%E6%A8%82%E9%83%A8%0D%0A&gs_lp=Egxnd3Mtd2l6LXNlcnAiHOiXjeaYn-a1t-a0i-a9m-awtOS_seaogumDqApInglQ6wNY6wNwAXgBkAEAmAEAoAEAqgEAuAEDyAEA-AEB-AECqAIA4gMEGAAgQYgGAQ&sclient=gws-wiz-serp#lrd=0x3442a90ef516c3f5:0xa3337638fc258b5f,1,,,,",img/shop_img/87.jpg
Fun Divers Taiwan 瘋潛水,Fun Divers Taiwan,23446新北市永和區和平街,https://www.fundiverstw.com/,10:00,21:00,火車：台北火車站→步行→台北車站(忠孝)→262號區間車→正興里→步行→到達目的地,北部地區,新北市,25.00993686,121.513709,5,64,1.很棒的潛水店。\n2.他們建立了一個由各個級別的潛水員組成的偉大社區。\n3.擁有出色的教練。,"https://www.google.com/search?q=Fun+Divers+Taiwan+%E7%98%8B%E6%BD%9B%E6%B0%B4%0D%0A&sca_esv=555716531&ei=JZvVZOzdGejQ1e8Px-KLiAQ&ved=0ahUKEwishN_0xdOAAxVoaPUHHUfxAkEQ4dUDCA8&uact=5&oq=Fun+Divers+Taiwan+%E7%98%8B%E6%BD%9B%E6%B0%B4%0D%0A&gs_lp=Egxnd3Mtd2l6LXNlcnAiHEZ1biBEaXZlcnMgVGFpd2FuIOeYi-a9m-awtApIywhQhwRYhwRwAXgAkAEAmAEAoAEAqgEAuAEDyAEA-AEB-AECqAIA4gMEGAAgQYgGAQ&sclient=gws-wiz-serp#lrd=0x3442a9dd48a7f7d7:0x31f305903bfad8b3,1,,,,",img/shop_img/88.jpg
DiveXTrim潛水部落,DiveXTrim,241新北市三重區三寧街31號1樓,https://www.facebook.com/DiveXTrim/,10:00,21:00,高鐵：台北高鐵站→步行→台北車站(忠孝)→忠孝幹線公車→捷運菜寮站→步行→到達目的地,北部地區,新北市,25.05990297,121.4899853,null,null,無,無,img/shop_img/89.jpg
浮兒樂 Float Club 水上用品店,Float Club,334桃園市八德區建德路273號1F,https://www.float-club.com.tw/,11:00,21:00,火車：桃園火車站→步行→桃園公車站→GR2公車→建德長興路口→步行→到達目的地,北部地區,桃園市,24.93222856,121.280825,4.9,392,1.服務親切專業，商品齊全。\n2.東西便宜又齊全，店員很親切喔。\n3.服務人員親切有耐心，商品介紹非常詳細。,"https://www.google.com/search?q=%E6%B5%AE%E5%85%92%E6%A8%82+Float+Club+%E6%B0%B4%E4%B8%8A%E7%94%A8%E5%93%81%E5%BA%97%0D%0A&sca_esv=555716531&ei=EJzVZP_IIYu22roPwfSd4AE&ved=0ahUKEwj_kO7kxtOAAxULm1YBHUF6BxwQ4dUDCA8&uact=5&oq=%E6%B5%AE%E5%85%92%E6%A8%82+Float+Club+%E6%B0%B4%E4%B8%8A%E7%94%A8%E5%93%81%E5%BA%97%0D%0A&gs_lp=Egxnd3Mtd2l6LXNlcnAiJea1ruWFkuaogiBGbG9hdCBDbHViIOawtOS4iueUqOWTgeW6lwpIgAlQ3gNY3gNwAXgAkAEAmAEAoAEAqgEAuAEDyAEA-AEB-AECqAIA4gMEGAAgQYgGAQ&sclient=gws-wiz-serp#lrd=0x3468188de9827343:0x7fe9a9b27187a68b,1,,,,",img/shop_img/90.jpg
正海人潛水用品企業社,Power Guys Scuba Store,334桃園市八德區仁德一路110號,https://www.facebook.com/powerguys666/about,11:00,21:00,火車：桃園火車站→步行→桃園客運桃園總站→5008經龍岡公車→建國仁德一路口→步行→到達目的地,北部地區,桃園市,24.93594475,121.2897641,5,35,1.謝謝老闆娘的細心解說！\n2.回饋問題詳細、專業，商品價格好、品質好。\n3.很優質的店家。,"https://www.google.com/search?q=%E6%AD%A3%E6%B5%B7%E4%BA%BA%E6%BD%9B%E6%B0%B4%E7%94%A8%E5%93%81%E4%BC%81%E6%A5%AD%E7%A4%BE%0D%0A&sca_esv=555716531&ei=WZzVZJqeD4S12roPqZmDyAM&ved=0ahUKEwjarsOHx9OAAxWEmlYBHanMADkQ4dUDCA8&uact=5&oq=%E6%AD%A3%E6%B5%B7%E4%BA%BA%E6%BD%9B%E6%B0%B4%E7%94%A8%E5%93%81%E4%BC%81%E6%A5%AD%E7%A4%BE%0D%0A&gs_lp=Egxnd3Mtd2l6LXNlcnAiH-ato-a1t-S6uua9m-awtOeUqOWTgeS8gealreekvgpIpQtQvAVYvAVwAXgBkAEAmAEAoAEAqgEAuAEDyAEA-AEB-AECqAIA4gMEGAAgQYgGAQ&sclient=gws-wiz-serp#lrd=0x34681fc716868fd7:0xeaec25ca8b3f58f6,1,,,,",img/shop_img/91.jpg
Prussian blue 普魯士藍,Prussian blue,320025桃園市中壢區吉利三街26巷21號,https://www.facebook.com/pbfinsPrussian/,無,無,火車：內壢火車站→208號公車→建國仁德一路口→步行→到達目的地,北部地區,桃園市,24.98121025,121.2510658,null,null,無,無,img/shop_img/92.jpg
巡航艦潛水,CRUISER DIVING,330桃園市桃園區宏昌六街76號,https://www.facebook.com/cruiserdivingclub/,12:00,20:00,火車：桃園火車站→步行→桃園公車站→1B延駛榮民醫院公車→土地改革館→步行→到達目的地,北部地區,桃園市,24.98840455,121.2969706,5,245,1.教練專業細心指導。\n2.學員安心出海。\n3.潛水課程充實有效率。,"https://www.google.com/search?q=%E5%B7%A1%E8%88%AA%E8%89%A6%E6%BD%9B%E6%B0%B4%0D%0A&sca_esv=555716531&ei=_5zVZIPKMMSK-QbrsIqYBQ&ved=0ahUKEwjDxfjWx9OAAxVERd4KHWuYAlMQ4dUDCA8&uact=5&oq=%E5%B7%A1%E8%88%AA%E8%89%A6%E6%BD%9B%E6%B0%B4%0D%0A&gs_lp=Egxnd3Mtd2l6LXNlcnAiEOW3oeiIquiJpua9m-awtApI4QdQkQNYkQNwAXgBkAEAmAEAoAEAqgEAuAEDyAEA-AEB-AECqAIA4gMEGAAgQYgGAQ&sclient=gws-wiz-serp#lrd=0x34681f1a00ba80bf:0x8e1fe2a5819236c3,1,,,,",img/shop_img/93.jpg
島嶼潛水,Island Diving,330桃園市桃園區民安路139號,https://www.islanddiving.com.tw/index.php,13:00,18:00,桃園市政府下車後走路5分鐘,北部地區,桃園市,24.99496018,121.3002437,5,138,1.東西品質不錯。\n2.出貨速度快。\n3.是一個好賣家。,https://shopee.tw/buyer/326171421/rating?shop_id=326151846,img/shop_img/94.jpg
JBC潛水,JBC Diving Club,330桃園市桃園區南華街207號,https://www.facebook.com/JBCDIVE/,09:00,22:00,火車：桃園火車站→步行→桃園公車站→1號公車→中山南華街口(南門市場)→步行→到達目的地,北部地區,桃園市,24.99435604,121.3068438,4.7,11,1.保養過程中傳送照片給客戶，讓他們了解裝備狀況。\n2.店家誠信可靠，言行一致。\n3.教練用心有趣，保證一試成主顧。,"https://www.google.com/search?q=JBC%E6%BD%9B%E6%B0%B4%0D%0A&sca_esv=555716531&ei=yZ7VZOvGCvvO1e8PspiRgAM&ved=0ahUKEwirz4SxydOAAxV7Z_UHHTJMBDAQ4dUDCA8&uact=5&oq=JBC%E6%BD%9B%E6%B0%B4%0D%0A&gs_lp=Egxnd3Mtd2l6LXNlcnAiCkpCQ-a9m-awtApIgQlQ4gRY4gRwAXgBkAEAmAEAoAEAqgEAuAEDyAEA-AEB-AECqAIA4gMEGAAgQYgGAQ&sclient=gws-wiz-serp#lrd=0x34429fb189fc5dfd:0xe397e7083b8163e7,1,,,,",img/shop_img/95.jpg
基隆潛水器材行,null,205基隆市暖暖區源遠路325巷105號,無,08:00,17:00,火車：基隆車站南站→步行→基隆火車站舊站→601號公車→康樂新村→步行→到達目的地,北部地區,基隆市,25.10050333,121.7573277,null,null,無,無,img/shop_img/96.jpg
摸魚去海洋休閒中心,GO-FISHING,202基隆市中正區中正路116號,https://www.facebook.com/gofishing.tw?locale=zh_TW,08:00,23:59,火車：基隆車站南站→步行→基隆市公車總→103中正路公車→就業中心→步行→到達目的地,北部地區,基隆市,25.13774833,121.7499065,4.2,17,1.大姐細心解說問題。\n2.教練耐心教導。\n3.老闆和老闆娘親和友善，提供專業建議。,"https://www.google.com/search?q=%E6%91%B8%E9%AD%9A%E5%8E%BB%E6%B5%B7%E6%B4%8B%E4%BC%91%E9%96%92%E4%B8%AD%E5%BF%83%0D%0A&sca_esv=555716531&ei=3qHVZJKzIMvt1e8P3KqT8Ac&ved=0ahUKEwiSmrepzNOAAxXLdvUHHVzVBH4Q4dUDCA8&uact=5&oq=%E6%91%B8%E9%AD%9A%E5%8E%BB%E6%B5%B7%E6%B4%8B%E4%BC%91%E9%96%92%E4%B8%AD%E5%BF%83%0D%0A&gs_lp=Egxnd3Mtd2l6LXNlcnAiHOaRuOmtmuWOu-a1t-a0i-S8kemWkuS4reW_gwpI-QhQsANYsANwAXgAkAEAmAEAoAEAqgEAuAEDyAEA-AEB-AECqAIA4gMEGAAgQYgGAQ&sclient=gws-wiz-serp#lrd=0x345d4e44440f2855:0xaa65dc8eae5f29e9,1,,,,",img/shop_img/97.jpg
藍波潛水用品店,Rambo Scuba Diving Training Center,203基隆市中山區文化路100號,http://www.rambo.idv.tw/?fbclid=IwAR2cQcaFlA-uYBKU_zrem_E0OyIcK0Sf_kqHujzjiLbmgn9MO72nCHWT0QI,09:00, 21:00,火車：基隆車站南站→步行→基隆火車站舊站→302經成功一路公車→協和里→步行→到達目的地,北部地區,基隆市,25.15368747,121.7345524,4.6,88,1.老闆和教練專業友善，提供優良的潛水裝備。\n2.藍波大家庭照顧學員身體狀況，提供豐富的潛水經驗。\n3.提供學員住宿和貼心服務，方便學習潛水課程。,"https://www.google.com/search?q=%E8%97%8D%E6%B3%A2%E6%BD%9B%E6%B0%B4%E7%94%A8%E5%93%81%E5%BA%97%0D%0A&sca_esv=555716531&ei=CKLVZOGCNYvihwPD9rG4DQ&ved=0ahUKEwjhps-9zNOAAxUL8WEKHUN7DNcQ4dUDCA8&uact=5&oq=%E8%97%8D%E6%B3%A2%E6%BD%9B%E6%B0%B4%E7%94%A8%E5%93%81%E5%BA%97%0D%0A&gs_lp=Egxnd3Mtd2l6LXNlcnAiFuiXjeazoua9m-awtOeUqOWTgeW6lwpIowhQggNYggNwAXgAkAEAmAEAoAEAqgEAuAEDyAEA-AEB-AECqAIA4gMEGAAgQYgGAQ&sclient=gws-wiz-serp#lrd=0x345d4e624542160f:0x8dc6af20c70d3d55,1,,,,",img/shop_img/98.jpg
良友潛水,null,202基隆市中正區中正路598號,https://www.facebook.com/profile.php?id=100054622772268,09:00, 21:00 ,火車：基隆車站南站→步行→基隆市公車總→101中正路公車→正濱漁會大樓→步行→到達目的地,北部地區,基隆市,25.1506485,121.7661137,4.8,18,1.老闆專業又友善。\n2.潛水器材價格便宜。\n3.教練很專業。,"https://www.google.com/search?q=%E8%89%AF%E5%8F%8B%E6%BD%9B%E6%B0%B4%0D%0A&sca_esv=555716531&ei=X6LVZKjHFY_a1e8PhsqlyAU&ved=0ahUKEwjo8u3mzNOAAxUPbfUHHQZlCVkQ4dUDCA8&uact=5&oq=%E8%89%AF%E5%8F%8B%E6%BD%9B%E6%B0%B4%0D%0A&gs_lp=Egxnd3Mtd2l6LXNlcnAiDeiJr-WPi-a9m-awtApI7AtQnQVYnQVwAXgBkAEAmAEAoAEAqgEAuAEDyAEA-AEB-AECqAIA4gMEGAAgQYgGAQ&sclient=gws-wiz-serp#lrd=0x345d4f00324dfa93:0x1a01bf951b46bb45,1,,,,",img/shop_img/99.jpg
國傑工程企業有限公司,"Kuo Jye Engineering Co.,Ltd",202基隆市中正區北寧路362-1號,https://kuojye.com.tw/,09:00, 18:00,火車：基隆車站南站→步行→城隍廟→791區間車→嶺林巷→步行→到達目的地,北部地區,基隆市,25.14000471,121.7925244,4.4,48,1.優質的服務。\n2.價格親民。\n3.可愛的店狗。,"https://www.google.com/search?q=%E5%9C%8B%E5%82%91%E5%B7%A5%E7%A8%8B%E4%BC%81%E6%A5%AD%E6%9C%89%E9%99%90%E5%85%AC%E5%8F%B8%0D%0A&sca_esv=555716531&ei=taLVZLuRIY38wAOQgoLACg&ved=0ahUKEwj7v_qPzdOAAxUNPnAKHRCBAKgQ4dUDCA8&uact=5&oq=%E5%9C%8B%E5%82%91%E5%B7%A5%E7%A8%8B%E4%BC%81%E6%A5%AD%E6%9C%89%E9%99%90%E5%85%AC%E5%8F%B8%0D%0A&gs_lp=Egxnd3Mtd2l6LXNlcnAiH-Wci-WCkeW3peeoi-S8gealreaciemZkOWFrOWPuApIkghQygNYygNwAXgAkAEAmAEAoAEAqgEAuAEDyAEA-AEB-AECqAIA4gMEGAAgQYgGAQ&sclient=gws-wiz-serp#lrd=0x345d4f9e65b498b5:0x87666d5a4be211c1,1,,,,",img/shop_img/100.jpg
東半球潛水企業社,null,270宜蘭縣蘇澳鎮蘇東路6之8號,無,無,無,火車：蘇澳新火車站→綠28公車→嶺林巷→步行→到達目的地,北部地區,宜蘭縣,24.59598607,121.8555887,4.5,6,1.提供浮潛和深潛用品。\n2.提供救生圈等器材。\n3.提供潛水氣瓶租借服務。,"https://www.google.com/search?q=%E6%9D%B1%E5%8D%8A%E7%90%83%E6%BD%9B%E6%B0%B4%E4%BC%81%E6%A5%AD%E7%A4%BE%0D%0A&sca_esv=555716531&ei=EKPVZOejKpXCoATRsa_IBg&ved=0ahUKEwjn67W7zdOAAxUVIYgKHdHYC2kQ4dUDCA8&uact=5&oq=%E6%9D%B1%E5%8D%8A%E7%90%83%E6%BD%9B%E6%B0%B4%E4%BC%81%E6%A5%AD%E7%A4%BE%0D%0A&gs_lp=Egxnd3Mtd2l6LXNlcnAiGeadseWNiueQg-a9m-awtOS8gealreekvgpIlghQ6gNY6gNwAXgAkAEAmAEAoAEAqgEAuAEDyAEA-AEB-AECqAIA4gMEGAAgQYgGAQ&sclient=gws-wiz-serp#lrd=0x3467e8354812e15d:0x47230016abddb8c2,1,,,,",img/shop_img/101.jpg
歐都納戶外用品(宜蘭羅東店),Atunas,265宜蘭縣羅東鎮興東路242號,https://www.atunas.com.tw/tw,11:00,21:00,搭至羅東火車站→步行→到達目的地,北部地區,宜蘭縣,24.68296616,121.7701373,4.3,33,1.店員和老闆有耐心地介紹商品和提供服務。\n2.老闆大姐人很好。\n3.詳細的商品介紹和服務。,"https://www.google.com/search?q=%E6%AD%90%E9%83%BD%E7%B4%8D%E6%88%B6%E5%A4%96%E7%94%A8%E5%93%81%28%E5%AE%9C%E8%98%AD%E7%BE%85%E6%9D%B1%E5%BA%97%29%0D%0A&sca_esv=555716531&ei=YKPVZPD_KszQ1e8Pipq1qAk&ved=0ahUKEwjwr8nhzdOAAxVMaPUHHQpNDZUQ4dUDCA8&uact=5&oq=%E6%AD%90%E9%83%BD%E7%B4%8D%E6%88%B6%E5%A4%96%E7%94%A8%E5%93%81%28%E5%AE%9C%E8%98%AD%E7%BE%85%E6%9D%B1%E5%BA%97%29%0D%0A&gs_lp=Egxnd3Mtd2l6LXNlcnAiJ-atkOmDvee0jeaItuWklueUqOWTgSjlrpzomK3nvoXmnbHlupcpCkjQB1C8Ali8AnABeACQAQCYAQCgAQCqAQC4AQPIAQD4AQH4AQKoAgDiAwQYACBBiAYB&sclient=gws-wiz-serp#lrd=0x3467e679463dc603:0x5b01a31871965e8c,1,,,,",img/shop_img/102.jpg
薛長興公司-三結廠,Sheico Group,268宜蘭縣五結鄉五結中路三段102號,http://www.sheico.com.tw/index-tw.php?fbclid=IwAR1CmJRS86qTenaqa5SOduf0ltYmaLj9sVHA4oAOdw4XLLUtkzfpxkJf-kY,無,無,火車：宜蘭火車站→轉搭區間車→四城火車站→步行→到達目的地,北部地區,宜蘭縣,24.70241418,121.7882945,4,10,1.專業分工。\n2.用心。\n3.專業用心。,"https://www.google.com/search?q=%E8%96%9B%E9%95%B7%E8%88%88%E5%85%AC%E5%8F%B8-%E4%B8%89%E7%B5%90%E5%BB%A0%0D%0A&sca_esv=555716531&ei=qaPVZM_GPJr5hwPJzLqQCg&ved=0ahUKEwiPv8KEztOAAxWa_GEKHUmmDqIQ4dUDCA8&uact=5&oq=%E8%96%9B%E9%95%B7%E8%88%88%E5%85%AC%E5%8F%B8-%E4%B8%89%E7%B5%90%E5%BB%A0%0D%0A&gs_lp=Egxnd3Mtd2l6LXNlcnAiGuiWm-mVt-iIiOWFrOWPuC3kuInntZDlu6AKSNEHUOYDWOYDcAF4AZABAJgBAKABAKoBALgBA8gBAPgBAfgBAqgCAOIDBBgAIEGIBgE&sclient=gws-wiz-serp#lrd=0x3467e5b9c9660497:0xeb7e76f7785ab9ef,1,,,,",img/shop_img/103.jpg
國際水上用品,null,262宜蘭縣礁溪鄉武暖路6-2號,https://www.facebook.com/watersportsexpoters/?ref=page_internal,10:00,20:00,火車：宜蘭火車站→轉搭區間車→二結車站→步行→到達目的地,北部地區,宜蘭縣,24.78323333,121.76428,4.5,11,1.熱情的老闆提供詳細的說明。\n2.商品優質且價格便宜。\n3.可以在廠拍找到便宜的商品。,https://www.google.com/search?q=%E5%9C%8B%E9%9A%9B%E6%B0%B4%E4%B8%8A%E7%94%A8%E5%93%81%0D%0A&sca_esv=555716531&ei=-aPVZPiUF4H8-Qai0Ym4Bw&ved=0ahUKEwi49a-qztOAAxUBft4KHaJoAncQ4dUDCA8&uact=5&oq=%E5%9C%8B%E9%9A%9B%E6%B0%B4%E4%B8%8A%E7%94%A8%E5%93%81%0D%0A&gs_lp=Egxnd3Mtd2l6LXNlcnAiE-Wci-mam-awtOS4iueUqOWTgQpI0QdQvQNYvQNwAXgBkAEAmAEAoAEAqgEAuAEDyAEA-AEB-AECqAIA4gMEGAAgQYgGAQ&sclient=gws-wiz-serp#rlimm=18237328558008154247,img/shop_img/104.jpg
極酷衝浪俱樂部G-cool Surf Club,G-cool Surf Club,261宜蘭縣頭城鎮烏石港路93-2號,https://www.surfing.com.tw/,06:00,19:00,開車1.國道五號：經由國道一號(中山高)至汐止系統交流道轉接國道五號(北宜高速公路)，過雪山隧道由頭城交流道下往台2線方向行駛，接省道2號，過頭城大橋後約10鐘車程即可到達烏石港。2.國道五號：由國道三號(二高)至南港系統交流道轉走國道五號(北宜高速公路)，過雪山隧道由頭城交流道下往台2庚線方向行駛，接省道2號，過頭城大橋約10中車程即可到達烏石港。3.省道二號：由台北開濱海公路沿省道二號行駛，行經大里、北關即可到達烏石港。火車1.搭乘北迴線鐵路至頭城火車站，可步行前往烏石港路程約30分鐘或治轉搭計程車，車資約120元。2.搭乘北迴線鐵路至外澳火車站，再步行前往烏石港約15分鐘。客運:國光客運-直達烏石港站首都之星、葛瑪蘭客運：搭乘首都及葛瑪蘭客運請至宜蘭礁溪站下車，再轉乘火車北上至頭城站或外澳站下車即可。,北部地區,宜蘭縣,24.87375325,121.8394707,4.9,2710,1.老闆跟老闆娘非常熱情。\n2.教練非常親切且專業。\n3.只用line溝通，還不即時回覆。,"https://www.google.com/search?q=%E6%A5%B5%E9%85%B7%E8%A1%9D%E6%B5%AA%E4%BF%B1%E6%A8%82%E9%83%A8G-cool+Surf+Club%0D%0A&sca_esv=555716531&ei=T6TVZK2oMIayoAT35ImACA&ved=0ahUKEwjti8rTztOAAxUGGYgKHXdyAoAQ4dUDCA8&uact=5&oq=%E6%A5%B5%E9%85%B7%E8%A1%9D%E6%B5%AA%E4%BF%B1%E6%A8%82%E9%83%A8G-cool+Surf+Club%0D%0A&gs_lp=Egxnd3Mtd2l6LXNlcnAiJualtemFt-ihnea1quS_seaogumDqEctY29vbCBTdXJmIENsdWIKSKgIUI8DWI8DcAF4AZABAJgBAKABAKoBALgBA8gBAPgBAfgBAqgCAOIDBBgAIEGIBgE&sclient=gws-wiz-serp#lrd=0x3467f709841bf417:0xd2878783426d660d,1,,,,",img/shop_img/105.jpg
包捷潛水,null,261宜蘭縣頭城鎮濱海路六段70號,無,09:00,21:00,火車：宜蘭火車站→轉乘區間車→龜山火車站→步行→更新加油站→頭城海線公車→番薯寮→步行→到達目的地,北部地區,宜蘭縣,24.94338255,121.9028426,4.3,4,1.友好的服務。\n2.專業態度。\n3.便宜，在地。,"https://www.google.com/search?q=%E5%8C%85%E6%8D%B7%E6%BD%9B%E6%B0%B4%0D%0A&sca_esv=555716531&ei=oqTVZMPaG4XU1e8PtteU6Aw&ved=0ahUKEwjDs__6ztOAAxUFavUHHbYrBc0Q4dUDCA8&uact=5&oq=%E5%8C%85%E6%8D%B7%E6%BD%9B%E6%B0%B4%0D%0A&gs_lp=Egxnd3Mtd2l6LXNlcnAiDeWMheaNt-a9m-awtApI8QhQ1wNY1wNwAXgBkAEAmAEAoAEAqgEAuAEDyAEA-AEB-AECqAIA4gMEGAAgQYgGAQ&sclient=gws-wiz-serp#lrd=0x345d5f2b26d1ced1:0xa455ef0a2d969de,1,,,,",img/shop_img/106.jpg
和平潛水,Peace Diving,970花蓮縣花蓮市和平路341號,http://peace.pgo.tw/index.php,08:00,22:30,火車：搭至花蓮火車站→步行→花蓮轉運站→1123號公車→台灣企銀→步行→到達目的地,東部地區,花蓮縣,23.9734336,121.6036522,4.7,18,1.教練很關心學員的安全而且很用心地教我們PADI課程。\n2.老板很親切，專業。\n3.老闆熱心地給我們建議，讓我們感受到花蓮人濃濃的人情味！,"https://www.google.com/search?q=%E5%92%8C%E5%B9%B3%E6%BD%9B%E6%B0%B4%0D%0A&sca_esv=555716531&ei=qqfVZJ-JL4Pe-Qa_qpFo&ved=0ahUKEwifhpbt0dOAAxUDb94KHT9VBA0Q4dUDCA8&uact=5&oq=%E5%92%8C%E5%B9%B3%E6%BD%9B%E6%B0%B4%0D%0A&gs_lp=Egxnd3Mtd2l6LXNlcnAiDeWSjOW5s-a9m-awtApIiwlQ-gNY-gNwAXgAkAEAmAEAoAEAqgEAuAEDyAEA-AEB-AECqAIA4gMEGAAgQYgGAQ&sclient=gws-wiz-serp#lrd=0x34689f94ef4d4d9f:0x3edae0eb55d7a0ba,1,,,,",img/shop_img/107.jpg
自然休閒,Nature Swim,970花蓮縣花蓮市仁愛街72號,https://www.facebook.com/natureswim/?locale=zh_TW,11:00,21:00,公車：花蓮轉運站→1140號公車→花蓮文創園區(中正)→步行→到達目的地,東部地區,花蓮縣,23.97492331,121.6048754,5,112,1.服務態度100分。\n2.價格實惠。\n3.專業親切的店員及老闆。,"https://www.google.com/search?q=%E8%87%AA%E7%84%B6%E4%BC%91%E9%96%92%0D%0A&sca_esv=555716531&ei=EqjVZLOvJtSehwOmxICADg&ved=0ahUKEwizgNme0tOAAxVUz2EKHSYiAOAQ4dUDCA8&uact=5&oq=%E8%87%AA%E7%84%B6%E4%BC%91%E9%96%92%0D%0A&gs_lp=Egxnd3Mtd2l6LXNlcnAiDeiHqueEtuS8kemWkgpIsAhQ1ANY1ANwAXgBkAEAmAEAoAEAqgEAuAEDyAEA-AEB-AECqAIA4gMEGAAgQYgGAQ&sclient=gws-wiz-serp#lrd=0x34689f945b63e047:0xc590ad904100f9ca,1,,,,",img/shop_img/108.jpg
水世界運動休閒用品,null,970花蓮縣花蓮市富國路155號,https://www.beautifulrealm.com/,10:00,21:00,火車：花蓮火車站→步行→花蓮後站→305號公車→莊敬路→步行→到達目的地,東部地區,花蓮縣,23.98936542,121.594295,4.5,44,1.老闆親切又專業。\n2.物美價廉，CP值高。\n3.物美價廉，CP值高。,"https://www.google.com/search?q=%E6%B0%B4%E4%B8%96%E7%95%8C%E9%81%8B%E5%8B%95%E4%BC%91%E9%96%92%E7%94%A8%E5%93%81%0D%0A&sca_esv=555716531&ei=WajVZKHGIOvC1e8Pw4iwuAc&ved=0ahUKEwjh1sDA0tOAAxVrYfUHHUMEDHcQ4dUDCA8&uact=5&oq=%E6%B0%B4%E4%B8%96%E7%95%8C%E9%81%8B%E5%8B%95%E4%BC%91%E9%96%92%E7%94%A8%E5%93%81%0D%0A&gs_lp=Egxnd3Mtd2l6LXNlcnAiHOawtOS4lueVjOmBi-WLleS8kemWkueUqOWTgQpIywlQ3ARY3ARwAXgAkAEAmAEAoAEAqgEAuAEDyAEA-AEB-AECqAIA4gMEGAAgQYgGAQ&sclient=gws-wiz-serp#lrd=0x34689fbaaa537881:0x255686c9553b5a58,1,,,,",img/shop_img/109.jpg
PADI Diving Center,PADI Diving Center,970花蓮縣花蓮市富裕二街169號,http://www.j7j8.com.tw/,00:00,23:59,花蓮火車站出來，步行三分鐘即可到達,東部地區,花蓮縣,23.99657084,121.6010327,5,9,1.專業訓練。\n2.預約制。\n3.讚。,"https://www.google.com/search?q=%E8%8A%B1%E8%93%AEPADI+Diving+Center&sca_esv=555716531&ei=_ajVZInUDMi8hwOA1p-gAw&ved=0ahUKEwjJxsaO09OAAxVI3mEKHQDrBzQQ4dUDCA8&uact=5&oq=%E8%8A%B1%E8%93%AEPADI+Diving+Center&gs_lp=Egxnd3Mtd2l6LXNlcnAiGOiKseiTrlBBREkgRGl2aW5nIENlbnRlcjIFEAAYogQyBRAAGKIEMgUQABiiBDIFEAAYogQyBRAAGKIESKUbUIEKWMIVcAF4AZABAJgBbaABjQaqAQM1LjO4AQPIAQD4AQHCAgoQABhHGNYEGLADwgIIECEYoAEYwwTiAwQYACBBiAYBkAYK&sclient=gws-wiz-serp#lrd=0x34689fb48c88b88f:0x8797e17bd99fe468,1,,,,",img/shop_img/110.jpg
藍海潛水用品社,null,950臺東縣臺東市正氣路39號,無,09:00,19:30,火車：台東火車站→陸海空快線B公車→中央市場→步行→到達目的地,東部地區,臺東縣,22.7503707,121.1541666,4.3,3,無,無,img/shop_img/111.jpg
歐都納戶外用品(台東店),Atunas,950臺東縣臺東市新生路332號,https://www.atunas.com.tw/tw,11:30,21:30,火車：台東火車站→陸海空快線B公車→中央市場→步行→到達目的地,東部地區,臺東縣,22.75753659,121.142712,4,46,"1.種類不多，但可以買到不錯的商品。\n2.東西非常多,都是喜歡戶外愛用者的好地方。\n3.服務也很好,值得推薦!!","https://www.google.com/search?q=%E6%AD%90%E9%83%BD%E7%B4%8D%E6%88%B6%E5%A4%96%E7%94%A8%E5%93%81%28%E5%8F%B0%E6%9D%B1%E5%BA%97%29%0D%0A&sca_esv=555716531&ei=bKnVZIv4DsaphwPTx73oAw&ved=0ahUKEwiL3r_D09OAAxXG1GEKHdNjDz0Q4dUDCA8&uact=5&oq=%E6%AD%90%E9%83%BD%E7%B4%8D%E6%88%B6%E5%A4%96%E7%94%A8%E5%93%81%28%E5%8F%B0%E6%9D%B1%E5%BA%97%29%0D%0A&gs_lp=Egxnd3Mtd2l6LXNlcnAiIeatkOmDvee0jeaItuWklueUqOWTgSjlj7DmnbHlupcpCkgAUABYAHAAeACQAQCYAQCgAQCqAQC4AQPIAQD4AQL4AQHiAwQYACBB&sclient=gws-wiz-serp#lrd=0x346fb9149eca1abd:0xa9bc4299d3f05dab,1,,,,",img/shop_img/112.jpg
東河潛水,Donghe Diving,959臺東縣東河鄉東河村13鄰364號,https://www.facebook.com/donghediving/?locale=zh_TW,09:00,18:00,火車：台東火車站→8103經台東大橋公車→東河→步行→到達目的地,東部地區,臺東縣,22.96986266,121.3035145,4.9,28,1.教練專業且有耐心。\n2.價格相對便宜。\n3.環境乾淨舒適。,"https://www.google.com/search?q=%E6%9D%B1%E6%B2%B3%E6%BD%9B%E6%B0%B4%0D%0A&sca_esv=555716531&ei=sqnVZMG2D4GkoASe3ZeADg&ved=0ahUKEwjB1_Dk09OAAxUBEogKHZ7uBeAQ4dUDCA8&uact=5&oq=%E6%9D%B1%E6%B2%B3%E6%BD%9B%E6%B0%B4%0D%0A&gs_lp=Egxnd3Mtd2l6LXNlcnAiDeadseays-a9m-awtApIrwlQpwNYpwNwAXgBkAEAmAEAoAEAqgEAuAEDyAEA-AEB-AECqAIA4gMEGAAgQYgGAQ&sclient=gws-wiz-serp#lrd=0x346f9fb20fa463ed:0x41daf9ba0d1adf42,1,,,,",img/shop_img/113.jpg
